arm,seed,wall_s,norm,eps_rel,eps,alpha,base,robust_destroy_linf,robust_abs_linf,robust_gap_linf,robust_clean_linf,robust_destroy_l2,robust_abs_l2,robust_gap_l2,robust_clean_l2,R2_behavior,KNN_behavior,R2_time,KNN_time,R2_residual,KNN_residual,sv_sv_max,sv_sv_min,sv_sv_ratio,sv_fro,sp_participation_ratio,sp_entropy,sp_gini,sp_n_neurons,rank_corr_jf_jfinv,auc_jf_gtNB,auroc_global_jf_gtNB,auroc_colnorm_jf_gtNB,auroc_rownorm_jf_gtNB,auc_jfinv_gtNB,auroc_global_jfinv_gtNB,auroc_colnorm_jfinv_gtNB,auroc_rownorm_jfinv_gtNB,auc_jfconvabsinv_gtNB,auroc_global_jfconvabsinv_gtNB,auroc_colnorm_jfconvabsinv_gtNB,auroc_rownorm_jfconvabsinv_gtNB,auc_jf_gtMODEL,auroc_global_jf_gtMODEL,auroc_colnorm_jf_gtMODEL,auroc_rownorm_jf_gtMODEL,auc_jfinv_gtMODEL,auroc_global_jfinv_gtMODEL,auroc_colnorm_jfinv_gtMODEL,auroc_rownorm_jfinv_gtMODEL,auc_jfconvabsinv_gtMODEL,auroc_global_jfconvabsinv_gtMODEL,auroc_colnorm_jfconvabsinv_gtMODEL,auroc_rownorm_jfconvabsinv_gtMODEL,tune_sp_pos_jf,tune_sp_hd_jf,tune_sp_speed_jf,tune_auroc_jf,tune_sel_jf,tune_sp_pos_jfinv,tune_sp_hd_jfinv,tune_sp_speed_jfinv,tune_auroc_jfinv,tune_sel_jfinv,tune_sp_pos_jfconvabsinv,tune_sp_hd_jfconvabsinv,tune_sp_speed_jfconvabsinv,tune_auroc_jfconvabsinv,tune_sel_jfconvabsinv,adv_loss_clean,adv_loss_adv,adv_loss_gap,margin,destroy_frac,destroy_abs,destroy_frac_early,destroy_frac_late
cebra,0,408.51855540275574,linf,0.0,0.0,0.0,cebra,0.2759493025323682,0.10947591801705192,0.7257515589396158,13.018072207768759,0.23429208689461686,0.09294943320313027,0.6161919434865316,13.018072207768759,0.7694969177246094,0.9884655475616455,0.7722064256668091,0.9321035265922546,0.32537153363227844,-1.2520449042320252,1.0642600930663775,0.017204676826435516,0.016165857329917252,1.0846716946115091,337.6535233726803,5.85374694183966,0.14574564245632549,360,0.09339523398501211,0.3351745515830023,0.3351745515830023,0.219337907788612,0.5259832069339112,0.946351570964247,0.946351570964247,0.9369251835801131,0.5734338509690622,0.9060634103767905,0.9060634103767906,0.9011797279402913,0.5567313711327796,0.3202814903846154,0.3202814903846154,0.19588076923076922,0.5244528846153846,0.9743338942307692,0.9743338942307692,0.9621314903846154,0.5777891826923077,0.9376389423076921,0.9376389423076923,0.93669375,0.5619454326923077,0.7868100834111375,-0.776971015722858,-0.23960190022042352,0.9169606114050558,1.5637810991339953,0.7728377533777265,-0.7809463550387478,-0.22693745064905332,0.900977366255144,1.5537841084164743,0.7748087047996769,-0.7753292849481862,-0.23831922571419015,0.908179012345679,1.550137989747863,,,,,,,,
cebra_2x,0,800.5749754905701,linf,0.0,0.0,0.0,cebra_2x,0.2813374545111817,0.11184546890942565,0.7424747149149576,13.009007851282755,0.1933051656882393,0.07684827840994507,0.5101493199666342,13.009007851282755,0.7996898889541626,0.9880839824676514,0.8009095191955566,0.9480610370635987,0.002998828887939453,-1.310779047012329,0.8350700697553085,0.017103725660307097,0.020481785037893666,0.8440849389148318,340.8890344505073,5.858346852857486,0.135172885834413,360,0.17486711407184086,0.25340195016251355,0.25340195016251355,0.12901017214397495,0.5596048513302034,0.9251908029372818,0.9251908029372818,0.9504020705429156,0.573211749127242,0.9522071746719634,0.9522071746719634,0.947660406885759,0.5884817021788853,0.2552241586538462,0.2552241586538462,0.12177379807692308,0.5584776442307692,0.944127764423077,0.9441277644230769,0.9678173076923077,0.5774622596153847,0.975589423076923,0.9755894230769231,0.9630610576923077,0.5913822115384615,0.7735980473100359,-0.8096021831444171,-0.20159929217560835,0.9060111699000588,1.583200230454453,0.7559623659647579,-0.8127534420275876,-0.18274575163903012,0.9007201646090535,1.5687158079923456,0.7533833851598649,-0.8295110301777019,-0.18620719810080838,0.9021531452087007,1.5828944153375668,,,,,,,,
xcebra,0,419.9419174194336,linf,0.0,0.0,0.0,xcebra,0.02079651344339794,0.008175220209926568,0.05387298266092936,13.057604312896729,0.01930407828730488,0.007588536866942584,0.050006866455078125,13.057604312896729,0.791590690612793,0.9858007550239563,0.8248995542526245,0.9352606296539306,0.027279317378997803,0.6929391503334046,0.07365727191051871,0.0004290514987851002,0.005824971352541079,0.07382178113739087,354.2301766790253,5.878036529222734,0.07204025412699466,360,0.5195023449469848,0.5156956482484651,0.5156956482484651,0.5534197062718189,0.4825180570603106,0.9296800890814975,0.9296800890814976,0.9488280967858432,0.5036616708799807,0.7565613338148551,0.7565613338148549,0.7883053448898519,0.47767455158300226,0.5232280048076924,0.5232280048076923,0.5684021634615385,0.47922379807692306,0.9526913461538461,0.9526913461538462,0.9640603365384616,0.5020966346153846,0.7911793269230771,0.7911793269230769,0.8421634615384616,0.47437451923076923,0.6088938443455066,-0.3987525623911707,-0.5174209163136546,0.8016240446796002,1.0076464067366773,0.5970043493133949,-0.3632759512033272,-0.5071847262195952,0.8224206349206349,0.960280300516722,0.49758691553689965,-0.2638963263605429,-0.5128457781310041,0.7536375661375662,0.7614832418974425,,,,,,,,
xcebra_2x,0,819.1410343647003,linf,0.0,0.0,0.0,xcebra_2x,0.01781134976990151,0.00705406101865179,0.04671088854471842,13.025555292765299,0.016370091957901452,0.006483262714292099,0.042931159337361656,13.025555292765299,0.7789728045463562,0.9868113279342652,0.7862060070037842,0.9048767685890198,0.005114942789077759,-0.0064068853855133055,0.0440397350421378,0.0001932595206036172,0.0043882988945938015,0.04408054783513372,355.671427682706,5.8800614953128925,0.06254558906075136,360,0.5620418194821796,0.5720320211869508,0.5720320211869507,0.6988970145660286,0.4708640303358613,0.9156590827013363,0.9156590827013362,0.9289764656313952,0.47915914289153727,0.8594938004092934,0.8594938004092934,0.8851880943782352,0.4657677260142049,0.5643658653846154,0.5643658653846154,0.7019490384615384,0.47026153846153845,0.9469524038461539,0.9469524038461539,0.9621137019230769,0.47784254807692306,0.9203151442307692,0.9203151442307692,0.9537557692307692,0.46102572115384616,0.5276290712119691,-0.30489921475731546,-0.5003137884294375,0.7612066431510875,0.8325282859692846,0.4688863339994907,-0.2192617226984776,-0.4830366489453365,0.7587081128747796,0.6881480566979683,0.37059159407094183,-0.126005859098707,-0.4770461191830183,0.6936728395061729,0.4965974531696489,,,,,,,,
noise_linf_e0.02,0,726.6421890258789,linf,0.02,0.02,0.004,noise,0.23723077862482644,0.09423897781419027,0.6252811749776205,13.01234515508016,0.12047123107265062,0.04785669462803235,0.31753190358479816,13.01234515508016,0.7874029874801636,0.9895305871963501,0.7887371778488159,0.9422945380210876,0.002673715353012085,-1.2143601655960083,0.8090177288036353,0.0179500545173977,0.022187467441463864,0.8181487362373097,343.87896885535315,5.862946694901486,0.12341295028212773,360,0.13512973605239895,0.35580835439990366,0.3558083543999037,0.1961186348862405,0.554010172143975,0.9518610810160106,0.9518610810160106,0.9488744432406404,0.5713166606476465,0.9467125616949561,0.9467125616949561,0.9363130492355844,0.5866231792464187,0.3514300480769231,0.3514300480769231,0.1806108173076923,0.5568228365384615,0.9779420673076923,0.9779420673076923,0.9688769230769231,0.5753860576923077,0.9773099759615385,0.9773099759615385,0.9680175480769231,0.5910852163461539,0.7831855698475039,-0.799561982216941,-0.21717785888265595,0.9141681363903587,1.5827475520644447,0.768253613068002,-0.8076664686198709,-0.21189643953014042,0.9024103468547913,1.575920081687873,0.7716062623939999,-0.8187218522776668,-0.2023210055633145,0.9100896531452087,1.5903281146716668,13.041758014678955,13.011734352111816,-0.030023662567138672,2.606334007033629,-0.011474430151534086,-0.0045379864344256325,-0.010335924776534514,-0.011498481881690538
acorn_linf_e0.02,0,1373.347092628479,linf,0.02,0.02,0.004,acorn,0.007076617808224474,0.0028097932524294195,0.01863718032836914,13.014479319254557,0.006450115525553402,0.002561034793249583,0.016987164815266926,13.014479319254557,0.773658037185669,0.991184401512146,0.7805054187774658,0.9435712099075317,0.005620121955871582,-1.18686101436615,0.41884933332490404,0.003354570946995665,0.008009015844352565,0.4200254302404399,342.2178078422519,5.860233668747182,0.13049634193069093,360,0.6817718590172298,0.5993054050800529,0.5993054050800529,0.6480010834236186,0.5486303719754424,0.8944254845311184,0.8944254845311184,0.9451414469724329,0.5481028048633683,0.939095642229445,0.9390956422294451,0.944814012278801,0.5476634163958107,0.6194390625,0.6194390625,0.7036911057692308,0.5518211538461538,0.9187407451923078,0.9187407451923076,0.9699699519230769,0.5498564903846154,0.9649098557692307,0.9649098557692307,0.9662802884615385,0.5490632211538462,0.8136963505376841,-0.6438439597013352,-0.5213427572743616,0.9197163433274544,1.4575403102390192,0.8185130029295492,-0.6499080497020296,-0.5056466485080903,0.9287184009406232,1.4684210526315788,0.7866575616581404,-0.644823391126989,-0.4791369274968685,0.9061213991769548,1.4314809527851295,13.045728012084961,13.071694141387939,0.025966129302978515,2.6023640096276233,0.010590549961664867,0.00401966780217602,0.04146394592301812,-0.0011779898403643063
acorn_xreg_linf_e0.02,0,1367.3840103149414,linf,0.02,0.02,0.004,acorn_xreg,0.0036439179257422194,0.0014440097784431526,0.00956575075785319,13.022938887278238,0.0034852585726610403,0.0013811421074024696,0.009149312973022461,13.022938887278238,0.7932450771331787,0.988093090057373,0.8045989274978638,0.9039336323738099,0.009848803281784058,-0.04169126152992249,0.06804191434142708,0.00034633819516286847,0.005090071296715438,0.06810083819609596,354.8915769158317,5.87894454456837,0.06818630722317498,360,0.2617039641496095,0.3460027687492476,0.3460027687492476,0.23957896954375826,0.48608553027567114,0.9164821837004935,0.9164821837004936,0.9238187673046828,0.4903319489587095,0.8904405922715781,0.8904405922715782,0.9061318767304682,0.4814105573612616,0.38023028846153845,0.38023028846153845,0.3156216346153846,0.48420552884615387,0.9465100961538461,0.9465100961538462,0.9630706730769231,0.48725697115384614,0.9291163461538462,0.9291163461538462,0.9573007211538461,0.4802838942307692,0.5807621972391762,-0.3545600917702554,-0.5274258803437268,0.792989417989418,0.9353222890094316,0.5643320293109257,-0.2995704699367536,-0.5373230760525415,0.8121693121693122,0.8639024992476794,0.47606051487022794,-0.2218679670882234,-0.5018166292435384,0.7606554967666079,0.6979284819584514,13.051937755584717,13.081857154846192,0.02991939926147461,2.596154266127867,0.012139515548522446,0.004621431681208651,0.040686874746273666,0.0016534864780053781
noise_linf_e0.028,0,727.4740331172943,linf,0.028,0.028,0.005600000000000001,noise,0.12647813889225312,0.05023497428692006,0.33327722549438477,13.013032595316568,0.10564077892513828,0.041958620595913175,0.27836839358011883,13.013032595316568,0.7708665728569031,0.9892224073410034,0.7727881669998169,0.9153338074684143,0.0021170377731323242,-1.4082149386405944,0.7579476402528958,0.01744203118074775,0.023012184819162528,0.767065813257913,345.3147522852978,5.864979054561839,0.11782795247674116,360,0.12420050245359611,0.3585746960394848,0.3585746960394848,0.20696882147586373,0.555781569760443,0.9422869266883351,0.9422869266883351,0.9248104008667389,0.5729935596484892,0.9538918983989406,0.9538918983989406,0.9498338750451426,0.5876793667990851,0.3525780048076923,0.3525780048076923,0.18939495192307693,0.560659375,0.9766194711538461,0.9766194711538462,0.967453125,0.5783192307692308,0.9768829326923076,0.9768829326923076,0.9655439903846154,0.5945360576923077,0.7911102709125841,-0.784689953883389,-0.22204337996435156,0.9111919459141682,1.575800224795973,0.7819142123010207,-0.7949276871992326,-0.21541472799430036,0.9018959435626103,1.5768418995002533,0.779563113912916,-0.8041065131675399,-0.20131096690560885,0.9035861258083481,1.583669627080456,13.04483355331421,13.013919422149659,-0.03091413116455078,2.603258468398375,-0.011838746761313766,-0.0046762752788908684,-0.012069095711077012,-0.01138901640264094
acorn_linf_e0.028,0,1328.2040412425995,linf,0.028,0.028,0.005600000000000001,acorn,0.001598250530738832,0.0006342582074156061,0.004205544789632161,13.016767660776773,0.007155875396458015,0.0028397559883988886,0.018829345703125,13.016767660776773,0.7809199690818787,0.9914460062980652,0.7886065244674683,0.9386238813400268,0.007246047258377075,-0.9351701140403748,0.3552882218205393,0.002693139888315749,0.007580155273698009,0.35627955005448003,338.8346439552021,5.854727007720953,0.1428072393199189,360,0.6978873097007297,0.5744894366197183,0.5744894366197183,0.641336222462983,0.5344928975562778,0.8909696641386782,0.8909696641386782,0.924501625135428,0.5344152521969423,0.9356870711448176,0.9356870711448176,0.9560247381726255,0.5281175514626218,0.6040320913461538,0.6040320913461539,0.7232987980769231,0.5355040865384615,0.9215016826923077,0.9215016826923077,0.9644161057692308,0.5355168269230769,0.9565723557692307,0.9565723557692307,0.9609052884615384,0.5292379807692308,0.7722798787027677,-0.5735496930274667,-0.5521997340514458,0.9052763080540859,1.3458295717302344,0.775131752559819,-0.5686579371754411,-0.5366669495906604,0.9139844209288653,1.3437896897352601,0.7320943834443167,-0.5408953772791456,-0.5350725442840351,0.88532480893592,1.2729897607234624,13.054257472991944,13.09773504257202,0.043477569580078125,2.5938345487206407,0.01771166323638987,0.006726604236507976,0.06003582347626661,0.0017361218039751512
acorn_xreg_linf_e0.028,0,1324.4861698150635,linf,0.028,0.028,0.005600000000000001,acorn_xreg,-0.005548831471761961,-0.0021957513977110227,-0.014532009760538736,13.02914834022522,0.002729360821910274,0.00108004849857336,0.007148027420043945,13.02914834022522,0.7799848318099976,0.9894359707832336,0.7943748235702515,0.9361611008644104,0.013057440519332886,0.29700161814689635,0.06774364325518312,0.00035881355999234404,0.0052966380718664835,0.0678126008946871,352.686189891635,5.875753885750521,0.08186344017791525,360,0.41215266553478,0.3809323462140364,0.3809323462140364,0.2646247140965451,0.48014295172745874,0.9055040929336705,0.9055040929336704,0.9278238232815698,0.4854535331648008,0.9308781750331047,0.9308781750331047,0.9690625376188756,0.47822122908390513,0.41203377403846153,0.41203377403846153,0.3513838942307692,0.47758221153846153,0.9348831730769231,0.934883173076923,0.9601461538461539,0.48535,0.9136189903846155,0.9136189903846154,0.9547423076923077,0.47818954326923074,0.523462115191218,-0.288416577288405,-0.5146413166768261,0.7744708994708994,0.811878692479623,0.5473766515688135,-0.26532200608543793,-0.5117809550999621,0.8147413286302175,0.8126986576542514,0.4773624796487627,-0.2199620881848368,-0.4995043686036672,0.767416225749559,0.6973245678335995,13.06329390335083,13.101260063171386,0.03796615982055664,2.584798118361754,0.015646669167747276,0.005899961705200026,0.060854712643590485,-0.0034378734772366913
noise_linf_e0.034,0,717.7615222930908,linf,0.034,0.034,0.0068000000000000005,noise,0.09763448375310918,0.03877893244243893,0.2572743892669678,13.01301646232605,0.10103884392908895,0.040131040718586974,0.2662445704142253,13.01301646232605,0.7656793594360352,0.989522111415863,0.768047034740448,0.9474545836448669,0.00316736102104187,-1.3131264925003052,0.7310441723051936,0.015926637738093156,0.02178614964930486,0.7398034643727344,346.3627221564281,5.866535872803385,0.11343998714905879,360,0.11050428966179482,0.3567882508727579,0.3567882508727579,0.2144284940411701,0.5555377994462501,0.940555405080053,0.940555405080053,0.9271933309257253,0.5724870591067774,0.9419790538100398,0.9419790538100398,0.9294934994582882,0.5789608161791261,0.3495235576923077,0.3495235576923077,0.19608846153846154,0.5600411057692307,0.9741109374999999,0.9741109375,0.9640132211538461,0.5774706730769231,0.9741834134615385,0.9741834134615385,0.964561298076923,0.5834447115384616,0.7878391551375138,-0.7869060203653835,-0.23494754331952147,0.9200102880658436,1.5747451755028972,0.7724707237967372,-0.7916951519687652,-0.24428943638968403,0.9083627278071722,1.5641658757655024,0.7862056548790242,-0.795784432493049,-0.2398089491431261,0.9157113462669019,1.5819900873720731,13.046350227355957,13.015487850189208,-0.030862377166748046,2.601741794356627,-0.011840952135689562,-0.004671798068562536,-0.013491117629682869,-0.011107097370263164
acorn_linf_e0.034,0,1339.4356820583344,linf,0.034,0.034,0.0068000000000000005,acorn,0.0018041341768631105,0.0007157611413050555,0.004745086034138997,13.01801085472107,0.008461959502373842,0.0033571119964399977,0.022255579630533855,13.01801085472107,0.7813078761100769,0.9921102166175843,0.7912732362747192,0.9206920742988587,0.008857131004333496,-0.686612582206726,0.3234133061260856,0.0028823137418293302,0.00891216807482137,0.324305369216144,332.5029675758188,5.84397173942168,0.16415011404926194,360,0.6417995916171787,0.524177500902853,0.524177500902853,0.49619748404959674,0.5252251113518719,0.8819913928012519,0.8819913928012519,0.9438386300710244,0.5231921873119056,0.9237940893222584,0.9237940893222584,0.9319290959431804,0.5200601902010352,0.5404813701923077,0.5404813701923077,0.5516637019230769,0.5268223557692308,0.903930048076923,0.9039300480769231,0.9650480769230769,0.5250668269230769,0.9517242788461538,0.9517242788461538,0.9610711538461538,0.52133125,0.7382564680283026,-0.5022260974235911,-0.5319552362801153,0.9073706643151087,1.2404825654518938,0.7396098735329748,-0.5078709455062668,-0.5447313122272034,0.909428277483833,1.2474808190392417,0.6893167899958075,-0.4738076682690453,-0.5252900613945066,0.8765064667842446,1.1631244582648528,13.062129589080811,13.123323421478272,0.061193832397460936,2.5859624326317734,0.02514300313908762,0.009492380464151674,0.08112630231139847,0.004693218930904472
acorn_xreg_linf_e0.034,0,1328.539330482483,linf,0.034,0.034,0.0068000000000000005,acorn_xreg,-0.004976528925080065,-0.001967958579484201,-0.01301868756612142,13.032063484191895,0.005243055664750096,0.002073361192082977,0.013715982437133789,13.032063484191895,0.7721801996231079,0.9901740193367005,0.7875725626945496,0.9367708444595337,0.013977140188217163,0.2878318727016449,0.0664692785848536,0.0003762257605094779,0.005660145085359911,0.0665313222905268,350.58893147481746,5.872640344419985,0.09329473525766052,360,0.39037274620891077,0.3449551583002287,0.3449551583002287,0.17140574214517876,0.4804917539424582,0.8984749307812688,0.8984749307812688,0.9568914770675334,0.4794703262308896,0.9250683158781751,0.9250683158781751,0.9657391356687132,0.4790691585409895,0.3715751201923077,0.3715751201923077,0.24208389423076923,0.4785127403846154,0.915523076923077,0.9155230769230769,0.9612456730769231,0.4781721153846154,0.919815625,0.919815625,0.9546867788461538,0.47843221153846155,0.4794957265616761,-0.2323999413575722,-0.5132318407806644,0.7521678424456202,0.7118956679192483,0.4888540806642026,-0.20226390635730215,-0.5132652772526537,0.7722663139329806,0.6911179870215047,0.44290053678397723,-0.17498694691574265,-0.4987556488347389,0.7472075249853027,0.6178874836997199,13.07082252883911,13.115319179534913,0.044496650695800784,2.5772694928734725,0.018563163689538247,0.006944746961067306,0.07722225104690138,-0.005513592771508346
noise_linf_e0.04,0,717.88818192482,linf,0.04,0.04,0.008,noise,0.08809020096953767,0.034988408685996265,0.23212798436482748,13.01296623547872,0.09652979773290582,0.038340529958523106,0.2543674310048421,13.01296623547872,0.7620495557785034,0.9893413066864014,0.7642990946769714,0.9465282678604126,0.0029022395610809326,-1.4545177936553955,0.6974138643035893,0.014146710536347713,0.020284527251941104,0.7051505128167408,348.18370952376307,5.869160483092135,0.10529865520979054,360,0.07013594747239074,0.32876519802576143,0.32876519802576143,0.1854381846635368,0.5644336102082581,0.9524384555194414,0.9524384555194414,0.9540685566389792,0.5743063079330685,0.9525258817864451,0.9525258817864451,0.9504998796195979,0.5905733116648609,0.3311610576923077,0.3311610576923077,0.17789230769230768,0.5664548076923077,0.9750350961538462,0.9750350961538462,0.9675682692307692,0.5783420673076923,0.9756432692307692,0.9756432692307693,0.9674848557692308,0.5952221153846153,0.778089851516344,-0.776829810929611,-0.2586118205644591,0.9135802469135802,1.554919662445955,0.7762500739460438,-0.7802778828025936,-0.2762094357723954,0.9090975896531452,1.5565279567486374,0.7697698284708987,-0.7919032297059905,-0.24895948271205795,0.9190182245737801,1.5616730581768892,13.045151329040527,13.014651130676269,-0.030500198364257814,2.602940692672057,-0.011689201859306728,-0.004615065229729984,-0.012953271754860248,-0.011186064753955515
acorn_linf_e0.04,0,1321.2711839675903,linf,0.04,0.04,0.008,acorn,0.0024952849992065838,0.0009889051876013153,0.006551265716552734,13.022645552953085,0.009491098533430307,0.0037613979045441454,0.024918317794799805,13.022645552953085,0.7767187356948853,0.9919100880622864,0.7909535765647888,0.9328045129776001,0.01064920425415039,-0.48628771901130674,0.30387390092095656,0.0028992821129474227,0.009541069845618567,0.3046654875299561,326.27640154481844,5.8326363437086854,0.1841439291562531,360,0.6779175677689162,0.521486397014566,0.521486397014566,0.5231476465631395,0.5121397616468039,0.8265489948236426,0.8265489948236427,0.9009422775972071,0.5187766341639581,0.9151844829661732,0.915184482966173,0.9340450824605754,0.517059708679427,0.5148052884615384,0.5148052884615385,0.4876173076923077,0.5128954326923076,0.8646836538461538,0.8646836538461539,0.9634735576923077,0.5195074519230769,0.9409798076923077,0.9409798076923077,0.9617252403846154,0.5174514423076924,0.6925711875348832,-0.4402523682024295,-0.5188131595665604,0.8945840681951793,1.1328235557373127,0.7040573872740786,-0.4495008963546529,-0.5105525505598038,0.9056069958847737,1.1535582836287315,0.6461052940223303,-0.41755209016530476,-0.5092518717994222,0.8672104644326867,1.0636573841876351,13.072021312713623,13.150934043884277,0.0789127311706543,2.576070708998961,0.03254274705994652,0.012256445967179118,0.10176691792632145,0.00788778671405774
acorn_xreg_linf_e0.04,0,1313.0329067707062,linf,0.04,0.04,0.008,acorn_xreg,-0.00023247967561417025,-9.187869122741721e-05,-0.0006075700124104818,13.03476858139038,0.006759501340043631,0.0026713652903469086,0.017664750417073567,13.03476858139038,0.7784899473190308,0.9900300145149231,0.7957823872566223,0.9403089284896851,0.014979124069213867,0.46375702023506166,0.06719277240008009,0.00036701879816900045,0.00546217673507639,0.06726045294856721,348.28667980305437,5.869011413417324,0.10428722520545397,360,0.3761854362179263,0.3185099915733719,0.31850999157337184,0.11813049235584447,0.47346424702058504,0.9050036114120621,0.9050036114120621,0.959962381124353,0.468245756590827,0.9326369327073553,0.9326369327073553,0.9677419646081618,0.4707583965330444,0.35346129807692306,0.35346129807692306,0.21207139423076923,0.47166778846153845,0.9221817307692308,0.9221817307692308,0.9593413461538461,0.4669548076923077,0.9067569711538461,0.9067569711538461,0.9537569711538462,0.4704175480769231,0.4537131202144049,-0.2053279732096698,-0.5188396515405211,0.7438639035861259,0.6590410934240747,0.4601208342656964,-0.15900868576660826,-0.5104116029701875,0.7789535567313345,0.6191295200323046,0.4346875104488974,-0.15746726440790437,-0.5060141924963413,0.7505511463844797,0.5921547748568018,13.07937393951416,13.138407638549804,0.05903369903564453,2.5687180821984237,0.025105277210280233,0.009261676855520753,0.09942809905335442,-0.004638234320831392
noise_l2_e0.05,0,716.1476123332977,l2,0.05,0.15325746536254883,0.030651493072509767,noise,0.46013784293473314,0.18276041463270384,1.2125058968861897,13.013002554575602,0.23050736869348884,0.09155440194943504,0.6074088414510092,13.013002554575602,0.7670835256576538,0.9891493678092956,0.7683727741241455,0.9208838224411011,0.0015613436698913574,-1.4288153052330017,0.8507947059535433,0.017479760910711552,0.020545215888621213,0.8610627329635169,339.7153495403626,5.856875346298434,0.13825700260010876,360,0.3054588708222285,0.44518689057421457,0.4451868905742145,0.2914575057180691,0.5391428915372577,0.9227585169134466,0.9227585169134465,0.9254426989286144,0.5637537618875647,0.9355104129047792,0.9355104129047791,0.9167385939569038,0.5713693270735525,0.4092411057692307,0.4092411057692308,0.2363605769230769,0.5405990384615385,0.958178125,0.958178125,0.9669314903846153,0.5684495192307693,0.9732415865384615,0.9732415865384615,0.9628271634615385,0.5780492788461539,0.7822722397549362,-0.7850433516719522,-0.23211958940012398,0.8944738389182834,1.5673155914268884,0.7647106330552962,-0.8042724095093327,-0.1996694933345679,0.8847001763668431,1.568983042564629,0.7702137619374635,-0.8016345290730124,-0.19931069426976028,0.8945840681951793,1.5718482910104759,13.040462482452392,13.011328964233398,-0.02913351821899414,2.6076295392601914,-0.011119363257163051,-0.0044011619012065736,-0.008624332938326283,-0.011614417749974909
acorn_l2_e0.05,0,1312.9203782081604,l2,0.05,0.15325746536254883,0.030651493072509767,acorn,0.014343953187312708,0.005695339402880364,0.037776947021484375,13.014447371164957,0.005814388698258804,0.0023086403420441255,0.015313148498535156,13.014447371164957,0.7777590155601501,0.9911641716957093,0.7822468280792236,0.9272546529769897,0.005104541778564453,-1.387516236305237,0.48807996443198404,0.0032936978198357123,0.006748274995612328,0.48930355252864544,353.29829864219994,5.876694285322697,0.07872294381995681,360,0.8699154415331055,0.7946063560852293,0.7946063560852293,0.8870982304080895,0.5665327434693632,0.8188106416275431,0.818810641627543,0.9425036114120621,0.5429472131936921,0.948208438666185,0.9482084386661851,0.9572411821355483,0.5327079571445769,0.8654552884615384,0.8654552884615384,0.9543257211538462,0.5702473557692308,0.8373262019230769,0.8373262019230769,0.9695706730769231,0.5463240384615384,0.9654740384615386,0.9654740384615385,0.9616221153846154,0.5336915865384615,0.8137040666466048,-0.6821361790343032,-0.4638798653281789,0.909538506760729,1.495840245680908,0.8080754223926626,-0.682194564258469,-0.49616380784831154,0.9059009406231628,1.4902699866511315,0.712360177676268,-0.6305473036057377,-0.4191688721877998,0.869782480893592,1.3429074812820057,13.046436599731445,13.081584243774413,0.03514764404296875,2.6016554219811385,0.01431040499151951,0.005435142917860324,0.04990138231466843,0.0004725810569932676
acorn_xreg_l2_e0.05,0,1322.944053888321,l2,0.05,0.15325746536254883,0.030651493072509767,acorn_xreg,0.022361860592350805,0.008863316523930543,0.05872217814127604,13.022095839182535,0.005331443598287285,0.002113162026045027,0.014000336329142252,13.022095839182535,0.7878530025482178,0.9877461552619934,0.7959225177764893,0.9224433183670044,0.00639757513999939,0.032188624143600464,0.07046494727608447,0.0003658644347364103,0.005192147995271164,0.07052189817960958,355.71559758321234,5.880136552771072,0.062060732220654335,360,0.5291924556704266,0.5395530877573131,0.5395530877573131,0.5719429396894186,0.4952097628506079,0.9208243048031781,0.920824304803178,0.9368944865775851,0.48575448416997713,0.9181166486096064,0.9181166486096064,0.936286565547129,0.4782827735644637,0.5356262019230769,0.535626201923077,0.5896538461538462,0.4917182692307692,0.9478646634615385,0.9478646634615384,0.9633336538461539,0.4838701923076923,0.9446173076923077,0.9446173076923077,0.9618122596153846,0.4740956730769231,0.547343472300455,-0.3478105540937816,-0.4773678809250071,0.7736625514403292,0.8951540263942366,0.4749329341532984,-0.23111083676057168,-0.4858496850541542,0.768996178718401,0.70604377091387,0.39700126286982657,-0.17253451029714734,-0.46831225549579847,0.7200911228689006,0.5695357731669739,13.05117854309082,13.087795722961426,0.03661717987060547,2.596913478621764,0.014770615700044148,0.005644681285384969,0.04726836536891648,0.002238792754876022
noise_l2_e0.07,0,716.648446559906,l2,0.07,0.2145604515075684,0.04291209030151368,noise,0.2481842657308807,0.09858055263569203,0.654045581817627,13.012774070103964,0.127248002375075,0.05054374706730951,0.335338830947876,13.012774070103964,0.7660142779350281,0.9894358158111572,0.7675880193710327,0.9501817345619201,0.002169311046600342,-1.3938694238662719,0.8093942303342289,0.019597428192535085,0.024212463417786635,0.8189966787076475,342.966092553858,5.861604374943456,0.12688827348325504,360,0.13685047131879424,0.3447517154207295,0.3447517154207295,0.19047369688214758,0.5449097146984471,0.9502332370290116,0.9502332370290116,0.9469269892861442,0.5661866498134104,0.9509007463584929,0.9509007463584929,0.9488139520886,0.5790155892620681,0.35283701923076927,0.3528370192307692,0.1889002403846154,0.5473721153846154,0.9743016826923075,0.9743016826923077,0.9640622596153846,0.5707651442307692,0.9751598557692309,0.9751598557692308,0.966611298076923,0.5820204326923077,0.7791870822048523,-0.789784900603657,-0.22544566959107193,0.9026675485008818,1.5689719828085094,0.7745298960640128,-0.7986787449491637,-0.21189232427204943,0.8992504409171076,1.5732086410131765,0.7834525472161564,-0.8019884412688367,-0.20502961699807354,0.9121105232216343,1.5854409884849932,13.043219032287597,13.013648448944092,-0.02957058334350586,2.6048729894249862,-0.011301954314251088,-0.004469636165100658,-0.009541229154509095,-0.011526946530915454
acorn_l2_e0.07,0,1338.4223656654358,l2,0.07,0.2145604515075684,0.04291209030151368,acorn,0.004887778089827992,0.0019397560184825,0.012862126032511393,13.016598463058472,0.002198842034050162,0.0008726249903441767,0.00578618049621582,13.016598463058472,0.7775059938430786,0.9917445182800293,0.7852480411529541,0.9380682468414306,0.007350802421569824,-1.0326942801475525,0.41139329791557827,0.0026183112199755494,0.006364496537113862,0.4122422331825462,354.17431229374193,5.87792844307512,0.07321723423392146,360,0.8086289239401699,0.817259239195859,0.817259239195859,0.9091922475021067,0.5505191404839292,0.8869275911881546,0.8869275911881546,0.9330167328758878,0.5318090164921151,0.9390333453713735,0.9390333453713735,0.9532108462742266,0.5161294691224269,0.8247024038461539,0.8247024038461539,0.9294516826923077,0.5531793269230769,0.9157954326923077,0.9157954326923077,0.9638038461538462,0.531114423076923,0.9602524038461537,0.9602524038461538,0.9640629807692308,0.5162670673076923,0.7921840960707002,-0.6301892761518222,-0.5004187275107576,0.9041740152851264,1.4223733722225225,0.7916503985370258,-0.6032471958374164,-0.5079038675709946,0.9155643738977073,1.3948975943744422,0.6222591738104973,-0.4738112691198749,-0.4567278039696808,0.8302836566725456,1.0960704429303723,13.053508609771729,13.109129619598388,0.055621009826660156,2.5945834119408557,0.022724119860622942,0.00861142701299606,0.07490055787718068,0.003333666221017997
acorn_xreg_l2_e0.07,0,1347.550770521164,l2,0.07,0.2145604515075684,0.04291209030151368,acorn_xreg,0.004805617134946692,0.001902780495519896,0.012597958246866861,13.026593844095865,0.0006608259082666787,0.00026165258607877413,0.0017323493957519531,13.026593844095865,0.7836106419563293,0.98865647315979,0.7989099621772766,0.9220339059829712,0.01458752155303955,0.14430952668190003,0.07355162497333141,0.0004078438683810555,0.005545001467050291,0.07361308859494813,355.8821202293561,5.8803380348713326,0.06124082868352698,360,0.19695515475313177,0.34571355483327315,0.34571355483327315,0.286138196701577,0.47464848922595404,0.9181530636812326,0.9181530636812327,0.9259759841097869,0.4862158420609125,0.9139225954014686,0.9139225954014687,0.9167566510172144,0.4717428072709763,0.32558870192307693,0.32558870192307693,0.23487163461538463,0.47275432692307695,0.9478072115384615,0.9478072115384616,0.9624048076923077,0.48367908653846153,0.9445415865384615,0.9445415865384615,0.9545733173076923,0.46909615384615383,0.5353341203764431,-0.3130060159929217,-0.4961067086422992,0.7694003527336861,0.8483401363693648,0.5407883805687801,-0.26764661249958205,-0.5017759910698899,0.7980232216343327,0.8084349930683621,0.42213597327139873,-0.18131081258343043,-0.47828661229381914,0.7245370370370371,0.6034467858548291,13.060205883026123,13.114424411773681,0.05421852874755859,2.587886138686461,0.022144721257795878,0.008395031805163797,0.07438603157508988,0.0015866236448025324
noise_l2_e0.082,0,715.6603493690491,l2,0.082,0.2513422431945801,0.050268448638916025,noise,0.1937340392694821,0.07694644420639812,0.5104846159617106,13.013115882873535,0.10818833846080655,0.042969742001443906,0.28507335980733234,13.013115882873535,0.7627559304237366,0.9893977165222168,0.7644771933555603,0.9479076385498046,0.0019463300704956055,-1.3975005865097045,0.7759397790587854,0.015452112386451786,0.019914061378829156,0.7847057627461967,344.16267260211646,5.863270684869521,0.12245454521711863,360,0.13596444404767902,0.3443224088118455,0.34432240881184545,0.1887691103888287,0.5581235704827254,0.9533306247742868,0.9533306247742868,0.9539253039605152,0.5761854460093897,0.9501817744071266,0.9501817744071265,0.9467106055134225,0.5901155651859877,0.35470348557692305,0.35470348557692305,0.189190625,0.5599524038461539,0.9758492788461538,0.9758492788461538,0.9675480769230769,0.5811213942307693,0.9756360576923078,0.9756360576923077,0.9663276442307692,0.5948716346153846,0.7847575984382595,-0.790444370712737,-0.23312448398521593,0.9079218106995884,1.5752019691509966,0.7791366702932379,-0.7989428930778787,-0.22591532342070542,0.9043944738389182,1.5780795633711167,0.7742472292738883,-0.8106122218021229,-0.22701384012736722,0.9120002939447384,1.5848594510760112,13.042473262786865,13.012046768188476,-0.03042649459838867,2.605618758925719,-0.011637104425885421,-0.004600222383439111,-0.011008091885297548,-0.011582030419344485
acorn_l2_e0.082,0,1327.6149368286133,l2,0.082,0.2513422431945801,0.050268448638916025,acorn,0.002031443056326244,0.0008054960321938216,0.005338033040364583,13.020379702250162,0.0028120513172820772,0.0011150098121350473,0.007389148076375325,13.020379702250162,0.7798041105270386,0.9914914608001709,0.7907010316848755,0.9463151454925537,0.009957462549209595,-0.714542543888092,0.3941979768328322,0.002977620118598436,0.0075536159330953576,0.3950300602847678,354.0270784493498,5.877687513233928,0.07421504995897021,360,0.8357226023192281,0.7806061153244251,0.7806061153244251,0.9210521247140966,0.5416434934392681,0.8721602263151558,0.8721602263151559,0.9092078969543759,0.5278894306006983,0.9430019862766341,0.9430019862766341,0.9451853858191887,0.5124030937763332,0.8023805288461539,0.8023805288461539,0.9534670673076923,0.5441290865384616,0.9181348557692308,0.9181348557692308,0.9636259615384616,0.5245896634615385,0.956808173076923,0.9568081730769231,0.9560081730769231,0.5112725961538461,0.7784121276655941,-0.6136526259204674,-0.5150608157984757,0.9096119929453262,1.3920647535860615,0.7699941100368572,-0.5836938042217403,-0.5247576498789857,0.9097957084068196,1.3536879142585976,0.6190947975421621,-0.4565333580248818,-0.45903774977687584,0.8260949441504997,1.075628155567044,13.061790744781494,13.133536575317382,0.07174583053588868,2.58630127693109,0.02936187823500973,0.011115347334662625,0.0937014044807921,0.005628734109305025
acorn_xreg_l2_e0.082,0,1347.7450726032257,l2,0.082,0.2513422431945801,0.050268448638916025,acorn_xreg,-0.00371872979501302,-0.001471059065402032,-0.00973367691040039,13.030620416005453,0.0009466091504569483,0.00037445347413538207,0.0024776458740234375,13.030620416005453,0.7797747254371643,0.9891052842140198,0.7956720590591431,0.9127240538597107,0.015292525291442871,0.28366745710372926,0.0690824757529528,0.00036853121587871574,0.005334655596256096,0.0691465840595929,355.33613730122227,5.879557467223021,0.06506724974231459,360,0.20669395944248514,0.31020690381605875,0.31020690381605875,0.1954366799085109,0.4684103767906585,0.9167984832069339,0.9167984832069339,0.9330754183218972,0.48121734681593836,0.906225171542073,0.9062251715420729,0.9326032261947755,0.46582159624413144,0.3279308894230769,0.3279308894230769,0.2322798076923077,0.46621634615384616,0.944465625,0.944465625,0.9622117788461538,0.4805615384615385,0.9347552884615385,0.9347552884615384,0.9553728365384615,0.4641704326923077,0.4632401998986617,-0.2411816449200997,-0.4940025257396533,0.7507716049382716,0.7044218448187614,0.5340468162048576,-0.26527468061739157,-0.5328662515400067,0.8063271604938271,0.7993214968222492,0.3939706324894482,-0.15232139136876055,-0.4846238525503026,0.7303057025279247,0.5462920238582087,13.067343494415283,13.133374027252197,0.06603053283691407,2.5807485272973008,0.02717596612184887,0.010251333647553852,0.09313743636818331,0.00161676212136272
noise_l2_e0.1,0,715.540762424469,l2,0.1,0.30651493072509767,0.061302986145019535,noise,0.12672712113080972,0.050331646256967365,0.3339088757832845,13.013227621714273,0.09890084625253609,0.03927998700545245,0.2605901559193929,13.013227621714273,0.7650471925735474,0.9897916913032532,0.767280101776123,0.9304967641830444,0.0020021796226501465,-1.38985013961792,0.7479408905907672,0.016723746144500916,0.02235971632904243,0.7567800417244309,345.36781414745406,5.865095856982666,0.11728034922103037,360,0.1259687696809751,0.34257132538822677,0.3425713253882268,0.20201607078367642,0.552774768267726,0.9499133261105092,0.9499133261105092,0.9442379920548934,0.573276453593355,0.9531091248344769,0.953109124834477,0.9512973997833153,0.585404478150957,0.3541278846153846,0.35412788461538464,0.20022307692307692,0.5557887019230769,0.9774076923076923,0.9774076923076923,0.968396875,0.5768728365384616,0.9756557692307692,0.9756557692307692,0.9666033653846153,0.5895528846153846,0.7871032955501198,-0.7922671728434119,-0.23744061811176523,0.9177689594356261,1.5793704683935317,0.7696129342561799,-0.8009866331273132,-0.2246817748079332,0.9072971781305115,1.5705995673834932,0.7789136747454326,-0.8017281511945822,-0.2164990985012744,0.9137272192827748,1.5806418259400148,13.043824069976807,13.013500869750976,-0.03032320022583008,2.6042679517357774,-0.01161063954951753,-0.004586606418518497,-0.012180082533737448,-0.011170037735810988
acorn_l2_e0.1,0,1336.728598833084,l2,0.1,0.30651493072509767,0.061302986145019535,acorn,-0.001290136361380927,-0.0005113959579574386,-0.0033883253733317056,13.021672089894613,0.003979174633671566,0.0015773276770565722,0.010450919469197592,13.021672089894613,0.7843928933143616,0.9918035387992858,0.8013815879821777,0.9476592063903808,0.01438438892364502,-0.5180544257164001,0.3479567218336214,0.0027905234407535184,0.00801974287505741,0.3486199047962102,354.4716189448259,5.878290298909444,0.07139165216239907,360,0.6864312006527852,0.625814824846515,0.625814824846515,0.7435683760683761,0.5190041531238714,0.916862736246539,0.916862736246539,0.9132963163596967,0.5097363669194656,0.9333411580594679,0.9333411580594679,0.9467051883953292,0.49898368845551944,0.6821139423076923,0.6821139423076923,0.8289216346153846,0.5204240384615385,0.9544789663461538,0.9544789663461538,0.9654331730769231,0.5091235576923077,0.95475625,0.95475625,0.9610076923076923,0.5011213942307692,0.6971239490016641,-0.470255171722004,-0.5312697886043359,0.8798868312757202,1.1673791207236681,0.7097971434964776,-0.47586915536899715,-0.5439563576879451,0.8912037037037037,1.1856662988654747,0.5534067906902573,-0.3532035998220151,-0.4505693202365244,0.7946061140505585,0.9066103905122724,13.074500274658202,13.174999736785889,0.10049946212768554,2.573591747054381,0.04153938049227754,0.015621805229018347,0.13046005405564914,0.009657925268807661
acorn_xreg_l2_e0.1,0,1344.3142476081848,l2,0.1,0.30651493072509767,0.061302986145019535,acorn_xreg,-0.006816692760686794,-0.002694507953832214,-0.017820119857788086,13.033893267313639,0.002784265329201893,0.0011005673350457277,0.007278601328531901,13.033893267313639,0.7784971594810486,0.9892301559448242,0.7906593084335327,0.925699257850647,0.010946303606033325,0.35674259066581726,0.06980056192636,0.00040512166486254267,0.005803988588085414,0.06985860022998609,354.9653650049757,5.879014518472664,0.06788291404565383,360,0.20356033323503994,0.3405534488985193,0.3405534488985193,0.25206332009148913,0.47081858673407967,0.9091431924882629,0.9091431924882629,0.9077308294209703,0.47063350186589625,0.9369459491994704,0.9369459491994703,0.959740580233538,0.46417328758878057,0.30592043269230773,0.3059204326923077,0.1979153846153846,0.4657449519230769,0.943058173076923,0.9430581730769231,0.9599665865384616,0.4704954326923077,0.9438274038461538,0.9438274038461538,0.9544310096153846,0.4630201923076923,0.36400820993989147,-0.14123334284986766,-0.47375416991386243,0.6930849500293945,0.5052415527897591,0.41967787817292823,-0.16295933353395217,-0.5110821328353871,0.7501469723691946,0.5826372117068804,0.3211966656121318,-0.08531701633500258,-0.4685275349346831,0.6907701352145796,0.40651368194713433,13.080709423065185,13.16422082901001,0.08351140594482422,2.5673825986473986,0.035069806367727795,0.013051916096751309,0.12691128337270585,-0.0004450792023224797
cebra,1,411.82179594039917,linf,0.0,0.0,0.0,cebra,0.2804851069670284,0.11112823017496938,0.736065149307251,13.023835976918539,0.23934284170412023,0.09482759906360923,0.6280965805053711,13.023835976918539,0.7746673822402954,0.988494598865509,0.7773928046226501,0.917911434173584,0.004401654005050659,-1.2409890294075012,1.0685560981645978,0.03328435381175955,0.03114890633157241,1.0890064850684433,337.7050621831016,5.853635098478753,0.14610618873237857,360,0.11321655254820473,0.29848711929697846,0.29848711929697846,0.15906915854098952,0.5302940291320573,0.926615053569279,0.9266150535692789,0.9544038160587457,0.584184422775972,0.9495657276995305,0.9495657276995305,0.957641747923438,0.5743069098350788,0.31108197115384617,0.31108197115384617,0.16733173076923077,0.5319516826923076,0.9398762019230769,0.939876201923077,0.9613858173076923,0.5900245192307693,0.9660829326923078,0.9660829326923077,0.9671637019230769,0.5757439903846154,0.7810232589243229,-0.7806135335406393,-0.21379151588103817,0.921957671957672,1.5616367924649621,0.7811173954531542,-0.785997577141799,-0.18151914752428644,0.9002425044091711,1.5671149725949531,0.7852753493468312,-0.7867524697978636,-0.193495834587201,0.9164829512051734,1.5720278191446948,,,,,,,,
cebra_2x,1,815.609748840332,linf,0.0,0.0,0.0,cebra_2x,0.25947024669661767,0.10315016333833438,0.6847430070241293,13.009096145629883,0.18941964865179894,0.07530213653794668,0.4998790423075358,13.009096145629883,0.773535966873169,0.9881566286087036,0.7747325897216797,0.9412913203239441,0.0018589496612548828,-1.3156492710113525,0.8343552784587808,0.017923281359036147,0.02148159401849053,0.8433832307445006,342.2574156644135,5.86040106684265,0.13021987590089767,360,0.16697390309801693,0.2453331527627302,0.24533315276273024,0.12686920669315035,0.5508107620079451,0.9190399662934876,0.9190399662934874,0.9461836403033587,0.5717668833513904,0.9504426989286144,0.9504426989286144,0.9433342361863488,0.5844312026002166,0.24986466346153846,0.24986466346153846,0.12002764423076923,0.5554045673076923,0.9403848557692307,0.9403848557692308,0.9667423076923077,0.5771338942307692,0.9780677884615384,0.9780677884615384,0.9674233173076923,0.5901829326923077,0.7804831312998812,-0.7957137014946102,-0.1938217115872808,0.9062316284538506,1.5761968327944915,0.7807094704948855,-0.8137699107760603,-0.18002865248445846,0.9086566725455615,1.5944793812709457,0.7676581866629628,-0.8239770368598522,-0.1661453149072652,0.8995443856554968,1.591635223522815,,,,,,,,
xcebra,1,418.12246656417847,linf,0.0,0.0,0.0,xcebra,0.021349209830580595,0.008409485572199239,0.055489540100097656,13.04894200960795,0.019819323492889687,0.0078068574822406644,0.051513115564982094,13.04894200960795,0.7668916583061218,0.9861760854721069,0.7953023314476013,0.9393429160118103,0.025263696908950806,0.5881004512310029,0.06918983776137602,0.0004970231895238936,0.007183470948985919,0.06932432875074032,354.6739500583434,5.878677812004565,0.06909351807052411,360,0.46545907832527206,0.4533589141687734,0.45335891416877333,0.46827043457325146,0.4799852534007464,0.9281891778018538,0.9281891778018538,0.9439490790899242,0.5073781148429036,0.8183757674250632,0.8183757674250632,0.958112736246539,0.47930690983507884,0.5162874999999999,0.5162875,0.5853262019230769,0.48196346153846154,0.953635576923077,0.9536355769230769,0.9661920673076924,0.5069911057692308,0.8077206730769231,0.8077206730769231,0.9566100961538462,0.4784995192307692,0.5725612594747387,-0.38321360504324875,-0.483316743699154,0.7827380952380952,0.9557748645179874,0.5987643937581822,-0.378445821341214,-0.4783918085787699,0.816358024691358,0.9772102150993962,0.437224309858358,-0.22841791474728457,-0.4744969739992849,0.7224794238683128,0.6656422246056426,,,,,,,,
xcebra_2x,1,804.4085073471069,linf,0.0,0.0,0.0,xcebra_2x,0.018605976723741192,0.00737139835567598,0.04882367451985677,13.02400517463684,0.01701983721315575,0.006742988525085352,0.04466144243876139,13.02400517463684,0.7764714360237122,0.9869293570518494,0.782871425151825,0.9251375555992126,0.005440801382064819,0.06992400884628296,0.045391191135124236,0.0002000870929409227,0.004408059976775823,0.045430557634611825,355.5741728165877,5.879941138751744,0.06259803324223734,360,0.5051798686665988,0.48370756590827013,0.48370756590827013,0.5064024316841218,0.4789529914529915,0.9363338148549417,0.9363338148549416,0.9657228843144336,0.483648429035753,0.8990471891176117,0.8990471891176116,0.919933489827856,0.46511285662694113,0.5344015625,0.5344015625,0.6256838942307692,0.47739375,0.9478538461538463,0.9478538461538462,0.9605706730769231,0.48039350961538463,0.9252932692307693,0.9252932692307693,0.9545492788461538,0.46055288461538463,0.5648708709172138,-0.3589644467421302,-0.5014804640982312,0.7807539682539683,0.9238353176593439,0.4963891182287929,-0.25354182259636776,-0.4890251210786091,0.7705761316872428,0.7499309408251607,0.37996538039130967,-0.1451523545706371,-0.47330354915289985,0.7038139329805997,0.5251177349619468,,,,,,,,
noise_linf_e0.02,1,711.7914752960205,linf,0.02,0.02,0.004,noise,0.21293281663661737,0.08457431786751828,0.5611014366149902,13.012981096903482,0.11351429327496126,0.04508648380372471,0.29912257194519043,13.012981096903482,0.7708031535148621,0.9895882844924927,0.7721215486526489,0.9408480644226074,0.001988440752029419,-1.285500180721283,0.8152664808949234,0.018800422970068134,0.023060463554727267,0.8249835485770575,343.1868144053381,5.861783991176093,0.1265185151627175,360,0.15542238090693117,0.35815125797520164,0.35815125797520164,0.199808896111713,0.5524217527386541,0.9447742867461176,0.9447742867461177,0.9378262308896111,0.569890754785121,0.9499262670037318,0.9499262670037318,0.9465974479354761,0.578911159263272,0.35897908653846156,0.35897908653846156,0.1900826923076923,0.5550442307692308,0.9745382211538461,0.9745382211538461,0.9685879807692308,0.5734536057692308,0.9766581730769232,0.976658173076923,0.9695721153846154,0.5838810096153846,0.7874937306615021,-0.7858543147195065,-0.2380429890148329,0.9201572604350382,1.5733480453810085,0.7702528568893278,-0.7840652062644515,-0.22948196616743444,0.8990667254556144,1.5543180631537794,0.7798861616730582,-0.798089491431261,-0.22532272625560382,0.9230599647266314,1.5779756531043192,13.042864318847656,13.012861053466796,-0.030003265380859376,2.6052277028649278,-0.011478920864202265,-0.0045367925933257084,-0.010967038375453103,-0.011369600842012863
acorn_linf_e0.02,1,1319.8640377521515,linf,0.02,0.02,0.004,acorn,0.007346893481026045,0.0029170088605520207,0.0193479061126709,13.014605840047201,0.006307820770343223,0.002504452854828656,0.016611496607462566,13.014605840047201,0.7783449292182922,0.9912670850753784,0.7821534872055054,0.942466390132904,0.0040635764598846436,-1.2071049332618713,0.42276676854285583,0.0037883692072738884,0.008960896383439044,0.42401274991925336,341.7022849082619,5.859426984020259,0.1324385044719657,360,0.7803383676831913,0.6568300830624775,0.6568300830624775,0.8379986758155772,0.5469432406404238,0.892540929336704,0.892540929336704,0.9671045503791983,0.5467262549656916,0.9332854821235103,0.9332854821235103,0.9319354159142892,0.5442024798362827,0.6617971153846154,0.6617971153846154,0.8484536057692308,0.5502514423076923,0.8975771634615384,0.8975771634615385,0.965071875,0.5481951923076923,0.9631538461538462,0.9631538461538461,0.9652983173076923,0.5464860576923077,0.8059779267844143,-0.643410057176367,-0.5325653232921036,0.9132495590828924,1.4493879839607813,0.8157151418349421,-0.6464448028148364,-0.5162719876953783,0.9215534979423868,1.4621599446497786,0.7826459566303239,-0.6463943909032219,-0.49909670084902913,0.8916078777189889,1.4290403475335458,13.047289497375488,13.074116661071777,0.026827163696289062,2.600802524337096,0.010970550817893839,0.00415633573417876,0.04231267602046393,-0.0013175428129966868
acorn_xreg_linf_e0.02,1,1322.6343817710876,linf,0.02,0.02,0.004,acorn_xreg,0.0034772165128702254,0.0013775034504874435,0.00912324587504069,13.024368604024252,0.0036247955668511195,0.001435965745844644,0.009510437647501627,13.024368604024252,0.7832927703857422,0.9882048845291138,0.7985630035400391,0.9364840984344482,0.012083649635314941,0.11354320049285889,0.06845963121683071,0.00032686985218942713,0.004774636473780282,0.06852042657167981,354.7542179239079,5.878755514335645,0.06859897352632405,360,0.25519300198491957,0.3491407848802215,0.3491407848802215,0.2446830985915493,0.4903918382087396,0.9237131335018659,0.9237131335018659,0.9446581196581196,0.49210635608522935,0.9462510533285181,0.9462510533285181,0.9692978813049236,0.4810319609967497,0.3905564903846154,0.3905564903846154,0.33487596153846155,0.49108125,0.949453125,0.949453125,0.9663944711538461,0.4936293269230769,0.9385656250000001,0.938565625,0.9545396634615385,0.48140432692307694,0.5656880068519047,-0.35772704007489764,-0.49317587327062706,0.7828483245149912,0.9234150469268023,0.5624922517406256,-0.3130998953181223,-0.4990763817622049,0.8010361552028219,0.8755921470587479,0.46437163867005143,-0.2278855032317636,-0.4699887087606129,0.7405202821869489,0.6922571419018151,13.053468357086182,13.084398834228516,0.030930477142333983,2.5946236646264023,0.012525609924155473,0.004775013510437597,0.04194338077680373,0.0019044338803105587
noise_linf_e0.028,1,717.6363139152527,linf,0.028,0.028,0.005600000000000001,noise,0.11957464518159389,0.04750211513109395,0.3151861826578776,13.012197732925415,0.10565915875878118,0.04197401949017058,0.27850596110026044,13.012197732925415,0.766830563545227,0.9893316149711608,0.7689621448516846,0.947328782081604,0.0037644505500793457,-1.376774835586548,0.7744140372717826,0.018663896924948544,0.024100669702089093,0.783849110977322,345.69526721071736,5.865503591822977,0.11599440811232575,360,0.07042908326669306,0.29746328397736854,0.2974632839773685,0.15912724208498857,0.5600147465992537,0.9546978451908029,0.9546978451908029,0.954921451787649,0.5750063199711087,0.9457436499337908,0.9457436499337908,0.9347113879860359,0.5906705188395329,0.3221705528846154,0.3221705528846154,0.17592932692307692,0.5603762019230769,0.9765485576923078,0.9765485576923076,0.9674788461538462,0.5803389423076923,0.9751365384615385,0.9751365384615385,0.9628814903846153,0.5932622596153846,0.7897056818854055,-0.7836436495137565,-0.23273713531740212,0.9180261610817166,1.573349331399162,0.7820199229932329,-0.7916915511179354,-0.20919528700067125,0.9113389182833628,1.5737114741111684,0.7787081690445142,-0.8035072287080404,-0.20880510909291994,0.9109714873603763,1.5822153977525546,13.044387104034424,13.014113525390625,-0.03027357864379883,2.60370491767816,-0.01159232733783676,-0.0045792034768698765,-0.01178978443815476,-0.011348692389468229
acorn_linf_e0.028,1,1325.430954694748,linf,0.028,0.028,0.005600000000000001,acorn,0.0018980932379865766,0.0007531786791463601,0.004993756612141927,13.01722510655721,0.007101060714136179,0.0028177131985475342,0.018681923548380535,13.01722510655721,0.7791178226470947,0.9916740775108337,0.785904049873352,0.9489777565002442,0.006683915853500366,-0.8607293009757996,0.36356035324394276,0.0032988901376670332,0.009073844571422601,0.3646080644129494,337.51504486447556,5.8526598027020516,0.14715544538809655,360,0.7172653967083048,0.5788410376790658,0.5788410376790658,0.6676733477789816,0.5304911520404478,0.8938940050559769,0.8938940050559769,0.9633850969062236,0.5319480558565065,0.9232240881184544,0.9232240881184544,0.9223116046707596,0.5278725773444083,0.6120778846153846,0.6120778846153846,0.7526682692307692,0.531621875,0.9099358173076924,0.9099358173076924,0.9677730769230769,0.5339978365384616,0.9551028846153846,0.9551028846153846,0.9656317307692308,0.5296100961538461,0.7793115687621046,-0.5683505788367709,-0.5484996026203905,0.9095017636684304,1.3476621475988755,0.782375121207211,-0.5629073784005535,-0.5272494386530759,0.9215534979423868,1.3452824996077646,0.7252180443779144,-0.535808403871429,-0.5068549911650553,0.8781966490299824,1.2610264482493434,13.057112297058106,13.103567085266114,0.04645478820800781,2.5909797246544786,0.019024165384289155,0.007198967676075965,0.06417220314343539,0.0019225086115192461
acorn_xreg_linf_e0.028,1,1310.807540655136,linf,0.028,0.028,0.005600000000000001,acorn_xreg,-0.006059746872835902,-0.0023983226140330293,-0.015874385833740234,13.028438647588095,0.003197138800312293,0.0012653576490191177,0.008375326792399088,13.028438647588095,0.7801119089126587,0.9892884850502014,0.7950812578201294,0.9059829235076904,0.014571666717529297,0.31048998832702634,0.06440969051937194,0.0003417942252609009,0.005306565246701541,0.06446566001426692,352.8406100370734,5.87594412516002,0.08156646397296508,360,0.4221065041372382,0.36470431563741423,0.36470431563741423,0.2825800529673769,0.4640980498374865,0.9029240399662936,0.9029240399662934,0.9264689418562658,0.47592181292885516,0.8836613699289756,0.8836613699289756,0.923312266762971,0.46443812447333577,0.3955018028846154,0.3955018028846154,0.35640745192307693,0.4635213942307692,0.9320923076923078,0.9320923076923077,0.9658079326923077,0.4748348557692308,0.9156596153846155,0.9156596153846154,0.955130048076923,0.46322115384615387,0.42907892807814874,-0.19355704905130441,-0.5088470332847218,0.7181804820693709,0.6226359771294532,0.48175783249356346,-0.20578991093038265,-0.5130098740473821,0.767526455026455,0.6875477434239461,0.3976118642890763,-0.14514643888713133,-0.4983302340295835,0.715571722516167,0.5427583031762077,13.061793094635009,13.09936491394043,0.037571819305419925,2.5862989270775745,0.015498810427450162,0.005840005916077024,0.06056763520071974,-0.004490422516215923
noise_linf_e0.034,1,712.7998306751251,linf,0.034,0.034,0.0068000000000000005,noise,0.09553141851255788,0.03794163637072017,0.2517107327779134,13.013238906860352,0.09917670729195321,0.03938945624346007,0.2613159815470378,13.013238906860352,0.7646013498306274,0.9895552873611451,0.7669594883918762,0.9374356508255005,0.0021567344665527344,-1.4337204217910766,0.7406878839492096,0.01728633161206886,0.023338213013423908,0.749393999410312,347.1375960392681,5.867654888278366,0.11003114067061881,360,0.06988167861521355,0.29416696761767186,0.29416696761767186,0.15472462983026364,0.5630025881786446,0.9534457385337668,0.9534457385337667,0.9543478391717828,0.5742990851089442,0.9585111953773926,0.9585111953773926,0.9628638497652582,0.5928457927049476,0.32185985576923076,0.32185985576923076,0.1784266826923077,0.564735576923077,0.9774088942307693,0.9774088942307693,0.9692295673076923,0.5796182692307692,0.9773173076923076,0.9773173076923077,0.9704824519230769,0.5952283653846154,0.7985447418575758,-0.7965905086716204,-0.2267975318739599,0.931033215755438,1.5951352505291962,0.7954683292309354,-0.7935215549502695,-0.22793437192159402,0.9232436801881246,1.588989884181205,0.7888293891156566,-0.8087745018608681,-0.22056831714236477,0.9157113462669019,1.5976038909765247,13.045956176757812,13.015932373046875,-0.0300238037109375,2.6021358449547716,-0.011506651621193053,-0.004542975093166254,-0.012120446548979124,-0.01116911173043542
acorn_linf_e0.034,1,1324.7478196620941,linf,0.034,0.034,0.0068000000000000005,acorn,0.001468688012800406,0.0005825295805072579,0.0038611888885498047,13.019110441207886,0.008552488668399584,0.003392174423539855,0.022484302520751953,13.019110441207886,0.7785695791244507,0.9914140343666077,0.7905833125114441,0.9309334516525268,0.012499690055847168,-0.7135798096656799,0.32310003219179056,0.0026123237414989392,0.008085185642904167,0.32401827649631293,333.0584890401663,5.844588901490468,0.1627406490736092,360,0.6231554708530618,0.497048723967738,0.497048723967738,0.4059239195858914,0.5255043938846756,0.8945512820512821,0.8945512820512821,0.9626429517274587,0.5277488864812808,0.9207659203081738,0.9207659203081738,0.9555636812326953,0.5249921752738654,0.5358546875,0.5358546875,0.5242572115384615,0.5264317307692308,0.9097319711538462,0.9097319711538462,0.9651899038461539,0.5303848557692308,0.938796033653846,0.9387960336538461,0.9629103365384616,0.527539423076923,0.7449033814561327,-0.5034107773465331,-0.5454285912699943,0.9063786008230452,1.2483141588026658,0.7447835245642327,-0.5240127881645177,-0.5281537666185696,0.9078850676072898,1.2687963127287505,0.6951457958780547,-0.4805299423606664,-0.5242530163555789,0.8712154614932393,1.175675738238721,13.062009380340577,13.122732223510742,0.06072284317016602,2.5860826413720077,0.024842531316540854,0.009407333654273323,0.07961156430050143,0.004608915689955264
acorn_xreg_linf_e0.034,1,1317.347844839096,linf,0.034,0.034,0.0068000000000000005,acorn_xreg,-0.0042126978098630105,-0.001665932964275308,-0.011020819346110025,13.03199553489685,0.005372061149583399,0.0021244088825454637,0.014053821563720703,13.03199553489685,0.7781424522399902,0.989685845375061,0.7930405139923096,0.9365408420562744,0.013728469610214233,0.27995898127555846,0.06803198172598325,0.0003898179259959551,0.005729921664872994,0.068105807077406,351.0606316124545,5.873267560264696,0.09111760146038739,360,0.2816213685594028,0.3253126880943782,0.32531268809437824,0.17365264234982544,0.47877482845792707,0.9143523534368604,0.9143523534368605,0.9586887564704466,0.4781602865053569,0.8720296135789094,0.8720296135789094,0.8872977609245215,0.47403906344047186,0.3318358173076923,0.3318358173076923,0.17385625,0.47872283653846154,0.9289735576923078,0.9289735576923077,0.9558151442307692,0.47687860576923075,0.9424437499999999,0.94244375,0.9561625,0.47148533653846153,0.49698454463383207,-0.2716170649464888,-0.513174741574652,0.7611331569664903,0.7686016095803209,0.4855531292679727,-0.2034509011129201,-0.5051397001520073,0.7810111699000588,0.6890040303808929,0.43262885258888306,-0.17774056898587176,-0.519725718048236,0.7489711934156379,0.6103694215747548,13.07210369873047,13.121018920898438,0.04891522216796875,2.5759883229821154,0.02059030791311034,0.007655163143408891,0.08392325736370662,-0.005289838237567779
noise_linf_e0.04,1,716.0682194232941,linf,0.04,0.04,0.008,noise,0.08966200921289852,0.03561347703461055,0.23627829551696777,13.012880881627401,0.09874306264833278,0.039220427549010624,0.2602086067199707,13.012880881627401,0.7666270732879639,0.9893725752830506,0.7689012289047241,0.9402598857879638,0.0028866827487945557,-1.4359002351760863,0.7025723277470809,0.015209854730407733,0.02164880985162161,0.7104322360135048,348.6820491880625,5.86997445931919,0.1026730249795823,360,0.04528660830810968,0.2924659925364151,0.2924659925364151,0.16600216684723726,0.5568198507283014,0.9560127001324185,0.9560127001324185,0.9609820031298905,0.5658568075117371,0.9562597809076683,0.9562597809076683,0.9570976285060792,0.585931744312026,0.32087451923076926,0.3208745192307692,0.18170865384615384,0.5627413461538462,0.9739860576923077,0.9739860576923077,0.9662596153846154,0.5717543269230769,0.9737394230769231,0.9737394230769231,0.9633512019230769,0.5919908653846154,0.7933790641388694,-0.7759429728110042,-0.2488576300743061,0.9202674897119342,1.5693220369498735,0.7995725275657992,-0.7736430579454059,-0.25597008207367855,0.9162992357436802,1.573215585511205,0.789237571277556,-0.7908901046047165,-0.23780636167460142,0.9241255144032922,1.5801276758822724,13.046721012115478,13.01675821685791,-0.02996279525756836,2.6013710095971057,-0.011493033737447195,-0.0045352100137187445,-0.012435763750746882,-0.011134488697146687
acorn_linf_e0.04,1,1321.8991057872772,linf,0.04,0.04,0.008,acorn,0.002207173728735887,0.0008750860765554359,0.005798816680908203,13.020845095316568,0.009466657192410613,0.0037532641586407746,0.024871190388997395,13.020845095316568,0.7791346311569214,0.992071807384491,0.793416440486908,0.9342835664749145,0.011929541826248169,-0.6249808430671692,0.30355666450891305,0.002711966250941721,0.008933970385163763,0.3043749798689992,327.7182801884054,5.83473461326828,0.179351660695519,360,0.6260313565323969,0.485878776935115,0.48587877693511494,0.3886454195257012,0.5104246418683038,0.8611866498134103,0.8611866498134104,0.9370208859997592,0.5167178283375466,0.9025478512098231,0.9025478512098231,0.9173007704345733,0.5145660286505357,0.4967954326923077,0.4967954326923077,0.43320721153846153,0.5107954326923076,0.8842098557692308,0.8842098557692307,0.9638944711538462,0.5171408653846153,0.9338814903846153,0.9338814903846154,0.964253125,0.5159158653846154,0.7072317944840109,-0.43970632489448214,-0.5203018541809735,0.9018959435626103,1.1469381193784929,0.7042201971723032,-0.4470381715908301,-0.5195778259605912,0.8968253968253969,1.1512583687631333,0.6574034779074942,-0.42320079630244056,-0.5124548286123607,0.8685699588477366,1.0806042742099349,13.070909992218018,13.150770980834961,0.07986098861694337,2.5771820294945664,0.03302437378152781,0.01241402232938525,0.10448640934413853,0.007730499383565953
acorn_xreg_linf_e0.04,1,1320.1859741210938,linf,0.04,0.04,0.008,acorn_xreg,-0.0005114970698104584,-0.00020218325741207886,-0.001337130864461263,13.033928632736206,0.00644189474229985,0.002546340370834532,0.016840140024820965,13.033928632736206,0.7769948244094849,0.9899179697036743,0.7910212874412537,0.9383837819099426,0.012813925743103027,0.3702537059783936,0.06695305282669413,0.0003467842496509214,0.005179513629476486,0.06702464553210877,349.34772840286024,5.870578635272994,0.09976427782838737,360,0.3727053027608081,0.33971951366317565,0.33971951366317565,0.15060581437342,0.48502979414951247,0.8863780546527026,0.8863780546527026,0.9217933670398459,0.4804667750090285,0.8766230287709162,0.8766230287709161,0.8995870952208981,0.48232093415192007,0.3466831730769231,0.3466831730769231,0.16315625,0.4844490384615385,0.9149290865384615,0.9149290865384615,0.9628802884615385,0.4779927884615385,0.9136516826923076,0.9136516826923077,0.9610358173076923,0.4809997596153846,0.499662034429278,-0.2593975776562062,-0.5015056700540385,0.7647707231040565,0.7590596120854842,0.47893579425767174,-0.17837200389920702,-0.5123537475855009,0.7809744268077602,0.6573077981568788,0.45310097557337115,-0.172451947931697,-0.4937406924436145,0.757201646090535,0.6255529235050681,13.079835971832276,13.142045700073242,0.062209728240966794,2.5682560498803086,0.026218011126977074,0.009738071829119458,0.10219189137691256,-0.004448252946761672
noise_l2_e0.05,1,715.5045356750488,l2,0.05,0.15325746536254883,0.030651493072509767,noise,0.42532628468826644,0.1689457479141179,1.1209063529968262,13.0126846631368,0.21945545147663872,0.08717086215908992,0.578353484471639,13.0126846631368,0.7745399475097656,0.9896407008171082,0.7763111591339111,0.947388756275177,0.002650827169418335,-1.4210527896881104,0.8676817059115075,0.019460559638217054,0.022428223973874797,0.8773695340685387,341.4491379854208,5.859341232563038,0.13254187636443782,360,0.22556395021326378,0.3676393403153967,0.36763934031539663,0.2020633200914891,0.54923197303479,0.9528253280365957,0.9528253280365956,0.9591480077043457,0.5722107860840255,0.9548645720476706,0.9548645720476706,0.9553987600818586,0.5839653304442037,0.3912616586538461,0.39126165865384616,0.22442884615384615,0.5511822115384616,0.9737677884615384,0.9737677884615384,0.969323076923077,0.5770480769230769,0.9772663461538461,0.9772663461538461,0.967775,0.5874040865384615,0.780083951265056,-0.7987667085908583,-0.2209793285442017,0.9055335097001763,1.5788506598559144,0.7648608399756169,-0.8035594410450698,-0.19728521567810448,0.8903586125808348,1.5684202810206869,0.7712348603512886,-0.8129543180631538,-0.19765636051718505,0.9065623162845385,1.5841891784144424,13.043327980041504,13.014563507080078,-0.028764472961425782,2.60476404167108,-0.010991120464075256,-0.004347385871883446,-0.00870214905910091,-0.011449671066220517
acorn_l2_e0.05,1,1328.2298851013184,l2,0.05,0.15325746536254883,0.030651493072509767,acorn,0.013968630873270821,0.005547116149786239,0.036797285079956055,13.013810634613037,0.005519815435474776,0.0021919881222380866,0.014540751775105795,13.013810634613037,0.7889216542243958,0.9909724235534668,0.7928123474121094,0.9433903574943543,0.0037733912467956543,-1.304034662246704,0.4663610823497412,0.0029757165498014737,0.006380713705372772,0.46755359186987505,353.1185188961937,5.8764231109121425,0.07995235585102067,360,0.8632759089028715,0.8333363428433851,0.8333363428433851,0.9320916094859757,0.568443782352233,0.9011106596846032,0.9011106596846034,0.967547851209823,0.5563314072469002,0.9475610930540508,0.9475610930540508,0.9565577224027928,0.5285262429276514,0.8488335336538462,0.8488335336538462,0.955296875,0.5740459134615384,0.8869150240384615,0.8869150240384616,0.9663841346153846,0.5580288461538462,0.9649442307692309,0.9649442307692307,0.9608627403846154,0.5319475961538461,0.7921856392924842,-0.6893936938813828,-0.45422932790119264,0.9051660787771899,1.4815793331738671,0.8218718251426836,-0.6852717484960017,-0.467087966213731,0.920487948265726,1.5071435736386853,0.7345036098529566,-0.6305066654320892,-0.42406320007613224,0.8746693121693122,1.3650102752850457,13.044933208465576,13.07913236618042,0.03419915771484375,2.603158813247008,0.013901376281746808,0.005285942063760331,0.048597110020364515,0.0004209738402665118
acorn_xreg_l2_e0.05,1,1330.3035533428192,l2,0.05,0.15325746536254883,0.030651493072509767,acorn_xreg,0.0462796582904498,0.018346163196498576,0.12156120936075847,13.021429697672525,0.0051303785704155625,0.0020337847581594977,0.013475815455118815,13.021429697672525,0.7862550616264343,0.9876218438148499,0.7941532731056213,0.9354201912879944,0.006692558526992798,0.018218356370925903,0.06459518129458221,0.00030189470854271607,0.004673641322654464,0.06463860453548878,355.9612191218876,5.880462743491684,0.060627682986346576,360,0.3791492595912442,0.45214818827494885,0.45214818827494885,0.48148910557361263,0.48345762609847115,0.9221385578427832,0.9221385578427832,0.9461725051161671,0.47623781148429034,0.9218833513903937,0.9218833513903937,0.9466925484531118,0.46363819670157697,0.4563413461538461,0.45634134615384614,0.4944959134615385,0.48341322115384616,0.9457625,0.9457625,0.9633012019230769,0.47823798076923074,0.9322723557692307,0.9322723557692307,0.9553274038461539,0.4639774038461538,0.5181151089128774,-0.30417261450062627,-0.5100332564294476,0.762419165196943,0.8222877234135036,0.48399884772773444,-0.24009290195140393,-0.5048305413879222,0.7610964138741917,0.7240917496791384,0.37524157851012224,-0.13536729964480176,-0.49507043521426347,0.7014991181657848,0.5106088781549241,13.050742664337157,13.088965000152587,0.038222335815429685,2.5973493573754256,0.015401405797206927,0.005890102403175735,0.04891400618084979,0.0027251212125947544
noise_l2_e0.07,1,716.2995738983154,l2,0.07,0.2145604515075684,0.04291209030151368,noise,0.2589996949094709,0.10288524774056083,0.6826438109079996,13.012395858764648,0.12665586340470872,0.05031288006831758,0.33382606506347656,13.012395858764648,0.7654066681861877,0.9894882798194885,0.7674115896224976,0.9430512309074401,0.0031733810901641846,-1.3471071124076843,0.8039909641559677,0.018773590085412798,0.02335049885183893,0.8133160387613971,343.5721254240293,5.862475349977137,0.12462550110089743,360,0.16000622535237904,0.3516689237992055,0.3516689237992055,0.19051974238593958,0.5471265198025761,0.9457216805104128,0.9457216805104129,0.9349211508366438,0.564648489225954,0.9462847598410979,0.9462847598410978,0.9384678584326471,0.5793057060310581,0.3704378605769231,0.3704378605769231,0.2020889423076923,0.5528884615384615,0.9761326923076923,0.9761326923076923,0.9671192307692308,0.5689971153846154,0.9749151442307692,0.9749151442307692,0.9648038461538462,0.5845213942307692,0.791893713171655,-0.7876357070656409,-0.2241838285789242,0.908179012345679,1.579529420237296,0.7876997507696818,-0.7977790466490223,-0.2104710170088761,0.8978174603174603,1.5854787974187041,0.7895673063320962,-0.7981321872339551,-0.19551719792076583,0.9067827748383304,1.5876994935660513,13.041778453826904,13.01172434616089,-0.030054107666015625,2.60631356788568,-0.01148610077753684,-0.004542611301242772,-0.010326098533360868,-0.01152902497970387
acorn_l2_e0.07,1,1325.8355770111084,l2,0.07,0.2145604515075684,0.04291209030151368,acorn,0.00395479954995164,0.001568183385155347,0.010392586390177408,13.020284016927084,0.0014374346169079941,0.0005699806366891201,0.0037773450215657554,13.020284016927084,0.7795350551605225,0.9913568258285522,0.812620997428894,0.9347241163253784,0.03372478485107422,-0.7846009492874145,0.3862633057601321,0.0031086258345109272,0.008047944985075467,0.38709524409274726,354.50359420892926,5.878380890473778,0.07134670183407932,360,0.8375895734647961,0.8180709040568195,0.8180709040568196,0.9247830143252679,0.5480687973997833,0.9356046105693994,0.9356046105693993,0.95383953292404,0.5278247261345853,0.9306535151077403,0.9306535151077404,0.9303162995064403,0.5194721319369207,0.8375668269230769,0.8375668269230769,0.9517336538461538,0.5505992788461539,0.9572487980769231,0.9572487980769231,0.9678899038461538,0.5281401442307693,0.960508173076923,0.960508173076923,0.963190625,0.5172341346153846,0.8111147976964842,-0.6457817318549268,-0.4792660437194731,0.9137272192827748,1.4568965295514111,0.7990704660786991,-0.6119265323549307,-0.5020388531804515,0.9249338624338624,1.41099699843363,0.6352862805011354,-0.5010257280791774,-0.4034691625706988,0.8353174603174603,1.136312008580313,13.055018543243408,13.108795097351074,0.05377655410766601,2.593073478469176,0.02194757160332455,0.008323065515220296,0.07254892891734069,0.0028409273677127795
acorn_xreg_l2_e0.07,1,1344.9329986572266,l2,0.07,0.2145604515075684,0.04291209030151368,acorn_xreg,0.0035757980793442844,0.001415595621320636,0.009371360143025717,13.027305841445923,0.000753011404519081,0.0002981037101233744,0.0019734700520833335,13.027305841445923,0.7831555604934692,0.9885567903518677,0.7982919216156006,0.933181881904602,0.013471394777297974,0.10667054653167725,0.0731057985968175,0.0004081295199983868,0.005582724323268029,0.07316932740106814,355.5763496480109,5.879886127478841,0.06361846785578784,360,0.21773469700671666,0.348263663175635,0.348263663175635,0.23685235343686048,0.4808989406524618,0.9246587215601301,0.92465872156013,0.949506741302516,0.4885331648007704,0.9179183218971952,0.9179183218971951,0.9294835680751173,0.4703009510051764,0.3338578125,0.3338578125,0.21136778846153847,0.47855985576923077,0.9478348557692309,0.9478348557692308,0.9643762019230769,0.48966923076923075,0.9456092548076923,0.9456092548076923,0.9591163461538461,0.4713466346153846,0.5458622365913317,-0.30743807179582144,-0.4999647631025959,0.7768224573780129,0.8533003083871531,0.5578553846866101,-0.2855937674416212,-0.49743207895122643,0.808641975308642,0.8434491521282312,0.4439738475348318,-0.18366654063688764,-0.48522828108241567,0.7409979423868313,0.6276403881717194,13.061740398406982,13.115535011291504,0.05379461288452148,2.5863516233056014,0.021959720215729936,0.008327879194301396,0.07312518648115952,0.002345531652734833
noise_l2_e0.082,1,723.2508707046509,l2,0.082,0.2513422431945801,0.050268448638916025,noise,0.20964728912213884,0.08328236165168537,0.5525869528452555,13.012298266092936,0.10999114738401305,0.0436938936286709,0.2899130980173747,13.012298266092936,0.7624192237854004,0.9893730998039245,0.7644755840301514,0.924315583705902,0.0023458003997802734,-1.4044856309890748,0.787184502759797,0.016325275536165827,0.0207388172390728,0.795596701746369,344.83086725239053,5.86426282399275,0.11980855408164581,360,0.1308232847140303,0.3788458528951487,0.37884585289514866,0.22527627302275188,0.5567039845913085,0.9568502467798241,0.9568502467798242,0.9607924039966294,0.5771840014445648,0.9379156133381485,0.9379156133381485,0.9151128566269411,0.5860930540508005,0.3445242788461539,0.34452427884615383,0.18272740384615385,0.5564548076923077,0.9765555288461538,0.9765555288461538,0.9664305288461539,0.5813786057692307,0.9757211538461539,0.9757211538461539,0.9613408653846154,0.5914216346153847,0.784428377790981,-0.7890330943911603,-0.21757652451021994,0.9074074074074074,1.5734614721821414,0.7759200816878731,-0.798696491999681,-0.2129198527766418,0.902336860670194,1.5746165736875541,0.7796721682523271,-0.8134023667878094,-0.18845490062937728,0.9027777777777778,1.5930745350401365,13.04170460510254,13.011298828125,-0.030405776977539063,2.606387416610045,-0.011628896499047078,-0.004597028197925465,-0.011535789950880204,-0.01143183553426625
acorn_l2_e0.082,1,1339.1349127292633,l2,0.082,0.2513422431945801,0.050268448638916025,acorn,0.0020353882822949283,0.0008076503123141022,0.005354881286621094,13.017258564631144,0.0027279820777244214,0.001082461339024095,0.007176876068115234,13.017258564631144,0.7857744097709656,0.9918414354324341,0.7942599058151245,0.9478581070899963,0.007364600896835327,-0.7601804137229919,0.36005376475661144,0.0026965859238440824,0.007489397939407511,0.36083531242907657,354.7626187797377,5.878706905372197,0.06948382902916816,360,0.7192495732255098,0.7266814132659202,0.7266814132659203,0.9010015649452269,0.538674009871193,0.9427067533405561,0.9427067533405562,0.9684305405080053,0.5219483568075117,0.9214975322017576,0.9214975322017576,0.914298483206934,0.514938605994944,0.7177891826923077,0.7177891826923077,0.8880786057692308,0.5425591346153846,0.9599832932692307,0.9599832932692308,0.9691788461538462,0.5271605769230769,0.9594762019230769,0.9594762019230769,0.9598057692307692,0.5168069711538461,0.7696762063493288,-0.5733318415522753,-0.49537650753478035,0.897633744855967,1.3430080479016042,0.7638433424126214,-0.5605210431150446,-0.5181279690944117,0.9042842445620224,1.3243643855276659,0.6087197174875321,-0.4434869610619423,-0.4335262360563481,0.815623162845385,1.0522066785494744,13.059472652435304,13.129461196899413,0.06998854446411133,2.588619369277281,0.028564940074365025,0.010834123617998416,0.09117435131721256,0.005430457543814921
acorn_xreg_l2_e0.082,1,1349.8827786445618,l2,0.082,0.2513422431945801,0.050268448638916025,acorn_xreg,-0.0019050747783824174,-0.0007536951370350297,-0.004987398783365886,13.030100107192993,0.0008993155584284441,0.00035580044123236453,0.0023544629414876304,13.030100107192993,0.7929060459136963,0.9888640522956849,0.8091820478439331,0.9278595924377442,0.014245390892028809,0.12373121976852416,0.07254929303862676,0.00042510850333242576,0.005859581610341663,0.07261663599989725,355.5729857666917,5.879894566358891,0.06348746564125163,360,0.20831706647289233,0.31395404478150957,0.31395404478150957,0.23598832310099915,0.469322559287348,0.897376911038883,0.8973769110388828,0.9112010954616588,0.4957626098471169,0.8815486938726376,0.8815486938726376,0.8929887444324064,0.4724377031419285,0.3424859375,0.3424859375,0.28263653846153847,0.46924615384615387,0.9360082932692309,0.9360082932692307,0.9624149038461538,0.4966170673076923,0.9278901442307692,0.9278901442307692,0.9561942307692308,0.46991201923076925,0.4603438298135016,-0.21879129725795204,-0.5080731075599862,0.7303424456202234,0.6791351270714536,0.5416093745579312,-0.276018590678426,-0.5123529759746088,0.7909685479129923,0.8176279652363572,0.3852624891652971,-0.1336319467485603,-0.4840225104617576,0.7112727807172252,0.5188944359138574,13.069063137054444,13.136792541503906,0.06772940444946289,2.5790288846581406,0.02784304971715457,0.01051216536758003,0.09479803910637376,0.0018993869831526824
noise_l2_e0.1,1,721.2059526443481,l2,0.1,0.30651493072509767,0.061302986145019535,noise,0.1349431256164762,0.053584253606980665,0.3554413318634033,13.014084974924723,0.1007138796458689,0.0399921829157889,0.2652805646260579,13.014084974924723,0.7681869268417358,0.9899174451828003,0.7709857225418091,0.9385800719261169,0.0032876133918762207,-1.4677643775939941,0.7599287568946553,0.016858915874811004,0.022184863675514335,0.768886080525945,345.77019872946283,5.865682663240425,0.11552507901104614,360,0.09803512295141117,0.34349885638618033,0.34349885638618033,0.20304532322137955,0.5494931985072831,0.9504550379198267,0.9504550379198267,0.9514842903575298,0.5690285301552908,0.9568445287107261,0.9568445287107259,0.9604342723004695,0.5771882147586372,0.33367980769230765,0.3336798076923077,0.1806127403846154,0.5564788461538461,0.9745134615384615,0.9745134615384615,0.9680641826923077,0.5739427884615385,0.9752509615384616,0.9752509615384616,0.966176923076923,0.5834403846153846,0.7899225045460742,-0.7930230943139992,-0.23992340475878157,0.9223251028806584,1.5829455988600734,0.7728161482727489,-0.7901244093961628,-0.2338595719617178,0.9067092886537331,1.5629405576689117,0.7764350033565073,-0.8002145078279924,-0.23198867275210458,0.9175485008818343,1.5766495111844998,13.045487434387207,13.015843677520753,-0.029643756866455078,2.602604587325377,-0.011352876554349231,-0.004484215018171689,-0.011031828390591027,-0.011178145044866403
acorn_l2_e0.1,1,1333.7711191177368,l2,0.1,0.30651493072509767,0.061302986145019535,acorn,-0.0008371357692952655,-0.00033187681816581596,-0.002199093500773112,13.02109440167745,0.004062436109632797,0.0016105449638110392,0.01067193349202474,13.02109440167745,0.7871497273445129,0.9917866110801696,0.8021721839904785,0.9416556000709534,0.012355536222457886,-0.6253746032714844,0.34515719800905986,0.002658675727375115,0.007702796704547731,0.3458661803729231,354.3226725691192,5.878031922305741,0.07248064272323351,360,0.7163176485218263,0.6423158179848321,0.6423158179848321,0.783861803298423,0.5273501263994221,0.9367247502106658,0.9367247502106657,0.9610151077404598,0.5232283014325267,0.9341708799807391,0.9341708799807391,0.9565601300108343,0.50844709281329,0.6980721153846154,0.6980721153846153,0.8638793269230769,0.5284168269230769,0.9577310096153846,0.9577310096153846,0.9697461538461538,0.5247144230769231,0.9558259615384616,0.9558259615384616,0.9677153846153846,0.5089923076923077,0.7420376186030241,-0.527675110661862,-0.5423516642360923,0.8988095238095238,1.269712729264886,0.748882321622852,-0.5354045941712513,-0.5129643490047505,0.8978909465020576,1.2842869157941033,0.573527316311597,-0.3886647787920174,-0.448253201542193,0.8040858318636096,0.9621920951036145,13.070301872253419,13.170457447052001,0.10015557479858399,2.577790149459166,0.04139502122524856,0.015564713708619447,0.1299610049562717,0.009558727562267921
acorn_xreg_l2_e0.1,1,1328.2948775291443,l2,0.1,0.30651493072509767,0.061302986145019535,acorn_xreg,-0.006940186232461224,-0.0027436698093186405,-0.018146753311157227,13.033350626627604,0.0031836110595728187,0.0012585800201683351,0.008324305216471354,13.033350626627604,0.783368706703186,0.9900708794593811,0.8016083240509033,0.932585334777832,0.016383498907089233,0.31097049713134767,0.06591389403974315,0.0003730323813112591,0.005659389219006499,0.0659764851779452,354.8407810119657,5.8788530612581695,0.06888274357178814,360,0.28040677978020645,0.4195675334055616,0.4195675334055616,0.40028951486697967,0.46397074756229684,0.9017343806428313,0.9017343806428314,0.8980808354399904,0.47295112555675933,0.8937335981702179,0.8937335981702179,0.8985924521487901,0.4639626218851571,0.35980673076923075,0.35980673076923075,0.29372572115384615,0.460953125,0.9405550480769231,0.940555048076923,0.958230048076923,0.46853173076923077,0.9360432692307693,0.9360432692307692,0.9540336538461538,0.4617490384615385,0.40928633708593426,-0.16970372713781223,-0.48794872388418636,0.715351263962375,0.5789900642237464,0.4936532432091811,-0.20344807187298256,-0.5232599531374985,0.7748750734861846,0.6971013150821637,0.3591588926869292,-0.10870608569510566,-0.48576918031774935,0.7053571428571429,0.46786497838203484,13.079614459991456,13.165281951904296,0.0856674919128418,2.568477561721129,0.035790354068707196,0.013370000481659665,0.12837831705414635,-0.0012725009632054813
cebra,2,413.74910402297974,linf,0.0,0.0,0.0,cebra,0.292800003854817,0.11601214813330402,0.7684347629547119,13.023658672968546,0.2456583593333894,0.09733382556899713,0.6447141965230306,13.023658672968546,0.7668164968490601,0.988429319858551,0.7692713737487793,0.9156841516494751,0.0029314160346984863,-1.3647576212882995,1.0623901290317324,0.03231912858171884,0.03042114916031332,1.0815541551217949,337.33801119582796,5.85322057922269,0.14701179530573438,360,0.13037022825833183,0.28482003129890454,0.28482003129890454,0.15602172866257374,0.5303418803418803,0.9214788732394367,0.9214788732394367,0.9505353918382088,0.573457325147466,0.9471238112435295,0.9471238112435295,0.9457984230167329,0.5690811965811966,0.29658341346153844,0.29658341346153844,0.1635295673076923,0.53134375,0.9312122596153846,0.9312122596153846,0.9572055288461538,0.5813896634615384,0.9735778846153845,0.9735778846153846,0.9685891826923076,0.5703913461538461,0.7803172349580885,-0.781185554415286,-0.2357420453347119,0.9026675485008818,1.5615027893733746,0.7729848738544792,-0.795605675969722,-0.20586630040869655,0.9027777777777778,1.5685905498242012,0.7818601995385766,-0.7950886966720422,-0.215020434828458,0.9073339212228101,1.5769488962106188,,,,,,,,
cebra_2x,2,805.6797864437103,linf,0.0,0.0,0.0,cebra_2x,0.23719928813626603,0.0942948516120542,0.6259512901306152,13.009164253870646,0.17615674139402548,0.07002834095696164,0.46486449241638184,13.009164253870646,0.7794287800788879,0.9885181665420533,0.7803549766540527,0.9525192737579345,0.001782923936843872,-1.1899801731109618,0.8367259126588619,0.018157388851017472,0.021700521731565336,0.8453359556933153,341.4456054464421,5.859179087972812,0.13318125377124235,360,0.20062388698077593,0.27862480438184667,0.2786248043818466,0.1447571325388227,0.5548043818466354,0.8878474479354761,0.8878474479354761,0.9144549777296256,0.5758751655230528,0.9416726856867703,0.9416726856867702,0.9250346093655952,0.57860930540508,0.2501063701923077,0.2501063701923077,0.11352163461538461,0.5554403846153846,0.9357829326923077,0.9357829326923077,0.9677735576923077,0.5813403846153846,0.9754858173076923,0.9754858173076923,0.9635728365384615,0.5846622596153846,0.7760589716484437,-0.7930284955902438,-0.2395808095227072,0.9062683715461494,1.5690874672386874,0.7740142027844865,-0.8062055519975719,-0.20991391394480927,0.9024103468547913,1.5802197547820585,0.7642641275524245,-0.8153087600984575,-0.19866639917489073,0.9015652557319224,1.5795728876508819,,,,,,,,
xcebra,2,414.15813970565796,linf,0.0,0.0,0.0,xcebra,0.021469827899672323,0.008457845793541129,0.05581227938334147,13.04851746559143,0.019845918220830292,0.007818123408578423,0.0515908400217692,13.04851746559143,0.7751492857933044,0.9857357025146485,0.8030613660812378,0.9426956534385681,0.024502575397491455,0.7407766580581665,0.07028481215022503,0.0004644761274470135,0.006608485008884333,0.070413829267596,354.6382242638333,5.878686645084043,0.06844333908917255,360,0.3664169926752219,0.41822920428554233,0.41822920428554233,0.3871957385337667,0.485310581437342,0.9338925003009512,0.9338925003009511,0.9660852293246659,0.4999671963404358,0.8807716383772722,0.8807716383772721,0.9503933429637655,0.4802840977488865,0.465830048076923,0.4658300480769231,0.4885459134615385,0.4800048076923077,0.9525913461538462,0.9525913461538461,0.9662324519230769,0.49921778846153847,0.8570941105769232,0.8570941105769231,0.9251283653846154,0.4784471153846154,0.5964500754892655,-0.42135613186315735,-0.5217409084946643,0.7983906525573192,1.017806207352423,0.5712891303173635,-0.3692610796894009,-0.50079064396073,0.8072457378012934,0.9405502100067644,0.46192280290228566,-0.26145700712711256,-0.4839893311933991,0.748126102292769,0.7233798100293982,,,,,,,,
xcebra_2x,2,803.6225390434265,linf,0.0,0.0,0.0,xcebra_2x,0.017856782292236792,0.007072734003774363,0.04683748881022135,13.025131066640219,0.016229839951217812,0.006428334488241236,0.04257011413574219,13.025131066640219,0.7808152437210083,0.9869093298912048,0.786935567855835,0.925044596195221,0.004759997129440308,0.15225625038146973,0.044602127687233664,0.00018908345112233287,0.00423933702105547,0.04464392028423795,355.5919925549756,5.879964759255799,0.06317346001096924,360,0.572502419408938,0.5555390032502708,0.5555390032502708,0.6847974599735163,0.479442036836403,0.9280997953533165,0.9280997953533164,0.9587910798122066,0.4854071867100036,0.9314107078367643,0.9314107078367642,0.9683116648609607,0.47024076080414107,0.5757074519230769,0.5757074519230769,0.7380983173076923,0.47926490384615383,0.9477399038461539,0.9477399038461538,0.9640713942307693,0.48478846153846156,0.9261026442307692,0.9261026442307693,0.9542963942307693,0.46873461538461536,0.5590338917224155,-0.35235894309884075,-0.5276619932766972,0.7880658436213992,0.9113928348212562,0.4866498455492197,-0.23801829746628703,-0.48409015501662817,0.7703189300411523,0.7246681430155067,0.39403724822979597,-0.16754193062189265,-0.48321643428318634,0.7121913580246914,0.5615791788516886,,,,,,,,
noise_linf_e0.02,2,719.024439573288,linf,0.02,0.02,0.004,noise,0.22423380320391964,0.08907115893483315,0.590971310933431,13.01258142789205,0.11962335909700217,0.04751726005499101,0.31526827812194824,13.01258142789205,0.7677913904190063,0.9895599484443665,0.7696499824523926,0.9287842154502869,0.003259718418121338,-1.521548581123352,0.8044667775146298,0.018712774492394224,0.023261090470642735,0.8139336612643693,343.3985670085852,5.862183657405202,0.12556352677635219,360,0.14896613811355916,0.3342160226315156,0.33421602263151556,0.1763533766702781,0.5467596605272662,0.9452552064523896,0.9452552064523896,0.9389701456602865,0.5693574696039485,0.9583348380883593,0.9583348380883592,0.9626098471168894,0.5846343445287108,0.3491519230769231,0.34915192307692305,0.18098052884615384,0.5517507211538462,0.9743814903846154,0.9743814903846154,0.9682423076923077,0.575621875,0.9760298076923077,0.9760298076923077,0.9667192307692307,0.5893103365384615,0.7809921372850097,-0.7894134985609454,-0.22784820870531405,0.909538506760729,1.570405635845955,0.7728830212167274,-0.8072996962425122,-0.21796258715988032,0.8973765432098766,1.5801827174592395,0.7767809422397804,-0.8073922895495592,-0.20857671226887034,0.9104203409758965,1.5841732317893396,13.04186604309082,13.011257991790771,-0.030608051300048827,2.606225978621764,-0.011705360749798409,-0.0046274741574120325,-0.011093576597651105,-0.011525420382651606
acorn_linf_e0.02,2,1312.4966928958893,linf,0.02,0.02,0.004,acorn,0.0070442002551517335,0.0027968081453878303,0.018550554911295574,13.014635960261026,0.006111730705532584,0.002426574262790359,0.01609484354654948,13.014635960261026,0.7712628245353699,0.9910847783088684,0.7781107425689697,0.945489501953125,0.006102830171585083,-1.074328315258026,0.4109354193345393,0.003650336323991085,0.008882992685085085,0.4121539898375473,343.26082862296767,5.861821104982359,0.1261706824219383,360,0.7517971667542792,0.5906022029613579,0.5906022029613579,0.634766161068978,0.5515438786565547,0.8412895750571806,0.8412895750571807,0.9059281328999639,0.5419420368364031,0.9456542674852534,0.9456542674852534,0.9646111713013121,0.5359618394125436,0.627917548076923,0.6279175480769231,0.7260002403846154,0.55438125,0.8857576923076922,0.8857576923076923,0.9634858173076923,0.5464536057692307,0.9633403846153845,0.9633403846153846,0.9615305288461539,0.5387548076923077,0.8007996460878042,-0.6516683513504476,-0.5126397580228242,0.9129556143445032,1.452467997438252,0.8018827305766248,-0.6347929639374789,-0.5016275845749838,0.9211125808348031,1.4366756945141037,0.7697927195940298,-0.6351579358894229,-0.4932846704064074,0.8945840681951793,1.4049506554834528,13.044527565002442,13.069019100189209,0.02449153518676758,2.6035644567101426,0.01000594163776918,0.003793632162191541,0.039874620564450076,-0.001505835771738409
acorn_xreg_linf_e0.02,2,1323.6880540847778,linf,0.02,0.02,0.004,acorn_xreg,0.0025235159357865334,0.000999820776113988,0.0066223939259847,13.023841460545858,0.0022055047540516745,0.000873817350529243,0.005787769953409831,13.023841460545858,0.7759469747543335,0.9885189533233643,0.7908332347869873,0.9346139788627624,0.01234745979309082,0.01683979034423828,0.068529791079155,0.00033817948026785416,0.004934780552259989,0.06858415462173474,354.8147696014041,5.878855156843384,0.06854515640110392,360,0.29640622686111434,0.3662760322619477,0.36627603226194777,0.23544119417358855,0.48018628867220414,0.9109425785482124,0.9109425785482124,0.9213377272180089,0.48244823642710966,0.9219995184783917,0.9219995184783917,0.9627413627061514,0.47433760683760684,0.3688055288461538,0.36880552884615386,0.24703918269230768,0.4778050480769231,0.9417552884615383,0.9417552884615384,0.9630478365384615,0.48235625,0.9338360576923077,0.9338360576923077,0.957223798076923,0.47258100961538463,0.5589523581714879,-0.3288001193424846,-0.5192578646440172,0.7806437389770723,0.8877524775139725,0.5559839710697356,-0.2804661558602561,-0.5063215508350115,0.796847442680776,0.8364501269299918,0.4686412189394465,-0.21618505286820627,-0.5024074259832251,0.7492283950617284,0.6848262718076528,13.052467048645019,13.081341262817382,0.028874214172363282,2.5956249730675647,0.011699972419455728,0.004458568133208975,0.04004418704848949,7.815394664281093e-05
noise_linf_e0.028,2,721.2227356433868,linf,0.028,0.028,0.005600000000000001,noise,0.1191590814078784,0.04733588183965807,0.3140781720479329,13.012306769688925,0.10485696908554314,0.04165429160414163,0.27637990315755206,13.012306769688925,0.7658229470252991,0.9892552852630615,0.7678483724594116,0.9404146313667298,0.0026215314865112305,-1.306202471256256,0.7626722266921638,0.01727625954764879,0.022652273077490702,0.7712980842260333,345.93109513965874,5.865898334500665,0.11504637455675981,360,0.09841885535379928,0.38723546406645,0.38723546406645,0.2446310340676538,0.5606088238834718,0.9426312146382568,0.9426312146382569,0.9254718911761165,0.5749614782713375,0.932542735042735,0.932542735042735,0.9122869266883351,0.5879442036836403,0.33834855769230776,0.3383485576923077,0.18622163461538463,0.5617560096153846,0.977042548076923,0.977042548076923,0.9672980769230769,0.5793209134615385,0.972979326923077,0.9729793269230769,0.9619646634615384,0.5932139423076923,0.7703742570030119,-0.7855891377762687,-0.24548234682880782,0.9104570840681951,1.5559633947792806,0.7743027852581167,-0.7974171611406465,-0.21799139396651723,0.9058641975308642,1.5717199463987632,0.7647659318358938,-0.8063390406818982,-0.21715471055589416,0.9068562610229277,1.5711049725177921,13.04358790588379,13.01289824295044,-0.03068966293334961,2.604504115828795,-0.011752736305184988,-0.004642314150134511,-0.012350272670302025,-0.011490421157149135
acorn_linf_e0.028,2,1316.9253063201904,linf,0.028,0.028,0.005600000000000001,acorn,0.00186034534598603,0.0007382479904641556,0.00489497184753418,13.016882260640463,0.0074043369158825305,0.0029382804909263683,0.01948229471842448,13.016882260640463,0.7804385423660278,0.9912796378135681,0.788325309753418,0.9244787454605102,0.008391708135604858,-0.9061018824577332,0.3547256743559571,0.0029830653720472108,0.00840949947438479,0.35570840990822356,339.3280654817948,5.855317924525066,0.14115634609729955,360,0.6960661605957911,0.5968069098350788,0.5968069098350789,0.7010605513422414,0.5358453713735404,0.8778415793908751,0.8778415793908751,0.9076471650415312,0.527283315276273,0.9376167689900085,0.9376167689900085,0.96231220657277,0.5279478150957024,0.5984201923076924,0.5984201923076923,0.7000634615384616,0.5379024038461538,0.9152584134615385,0.9152584134615385,0.9659502403846154,0.5289021634615385,0.9577769230769231,0.9577769230769231,0.9633548076923077,0.5293492788461538,0.769337211964084,-0.5657600238684969,-0.5388043117616648,0.904210758377425,1.3350972358325808,0.7657625959048038,-0.546780710756513,-0.5359272319488062,0.9097222222222222,1.3125433066613168,0.716651877457902,-0.5277641031180796,-0.5204806107043006,0.876873897707231,1.2444159805759818,13.054796855926513,13.097988502502442,0.043191646575927736,2.5932951657860706,0.017673167217356414,0.00669143005849944,0.06025599808183122,0.0016557019173619098
acorn_xreg_linf_e0.028,2,1316.9265706539154,linf,0.028,0.028,0.005600000000000001,acorn_xreg,-0.005730157555869566,-0.002268256495266576,-0.015015125274658203,13.02772331237793,0.0013435366598533343,0.0005318334292428201,0.0035205682118733725,13.02772331237793,0.7792071104049683,0.9900797724723815,0.790529727935791,0.9358603596687317,0.009049475193023682,0.25508559942245485,0.07479638844905094,0.00039546075057379505,0.00528716370902281,0.07485650467543371,352.77290772735796,5.875879744292869,0.0815293682767313,360,0.6691738060640974,0.5899553087757313,0.5899553087757313,0.7561189358372457,0.4850574816419887,0.9133941254363789,0.913394125436379,0.935470988323101,0.4780525460455038,0.9178825087275791,0.9178825087275791,0.9257899963885879,0.4719275911881546,0.5882609375,0.5882609375,0.7696757211538462,0.48429879807692305,0.9405252403846155,0.9405252403846154,0.9633713942307692,0.47643221153846155,0.9448908653846153,0.9448908653846154,0.955303125,0.47112788461538463,0.5563365972474068,-0.3082310305892278,-0.5130345655959279,0.7782554379776602,0.8645676278366345,0.4810793293158126,-0.20329940817444575,-0.5045126377003937,0.7582671957671958,0.6843787374902583,0.43121140338017006,-0.16199199067894043,-0.4905912339858589,0.7170781893004116,0.5932033940591105,13.062453144073487,13.099050537109376,0.03659739303588867,2.5856388776390977,0.015162610772353757,0.005695782615769587,0.059595249060282275,-0.003491694533893935
noise_linf_e0.034,2,717.2983496189117,linf,0.034,0.034,0.0068000000000000005,noise,0.09827154082242724,0.03902885812511834,0.25891892115275067,13.013357003529867,0.10243630988656327,0.04068291826522765,0.26989205678304035,13.013357003529867,0.7630242109298706,0.9895340800285339,0.7649224996566772,0.9458071708679199,0.0023294687271118164,-1.2703986287117004,0.730665867562731,0.015959767786956458,0.021842771772264617,0.7390964567525091,346.9427660184046,5.867408550824845,0.11079731962851458,360,0.09089638309027412,0.39098049837486454,0.3909804983748646,0.2517196340435777,0.5557379318646924,0.9550279884434812,0.9550279884434814,0.9582177681473456,0.5796298302636331,0.9230814373420008,0.9230814373420008,0.8956831587817503,0.5867780185385819,0.3363776442307692,0.3363776442307692,0.19327980769230768,0.560309375,0.9764497596153846,0.9764497596153846,0.9681478365384616,0.5833283653846154,0.9726490384615385,0.9726490384615385,0.9615778846153846,0.5913949519230769,0.7979904680334465,-0.7734192907867087,-0.2628955470335419,0.9181731334509112,1.5714097588201552,0.7971422104594429,-0.7838141755209016,-0.2503105733840539,0.9077748383303939,1.5809563859803446,0.7979027615953826,-0.7896236339272164,-0.2539854988593019,0.914866255144033,1.587526395522599,13.043812618255615,13.013167289733886,-0.030645328521728514,2.6042794034569687,-0.011740258015146823,-0.004636301466024385,-0.01286557815621383,-0.011246193143169048
acorn_linf_e0.034,2,1327.782241821289,linf,0.034,0.034,0.0068000000000000005,acorn,0.0016553046014390138,0.0006565016517483578,0.004351298014322917,13.01939845085144,0.009131384886501337,0.0036215360547554158,0.02400350570678711,13.01939845085144,0.7800306081771851,0.9916459560394287,0.7916409969329834,0.9367347955703735,0.009902894496917725,-0.8212236642837525,0.30967211983777315,0.0027267777129927483,0.008805370384719218,0.3103648190791692,334.6701037493287,5.847514992900666,0.15719886210548495,360,0.6053144088631377,0.47627633321295293,0.47627633321295293,0.38644516672685686,0.5137922836162273,0.8537843084145902,0.8537843084145901,0.9411755146262188,0.5225009028530155,0.9239927169856746,0.9239927169856748,0.9199753220175756,0.5152892139159745,0.46767860576923076,0.46767860576923076,0.3400213942307692,0.51511875,0.8756893028846156,0.8756893028846154,0.9655846153846154,0.525334375,0.9541076923076923,0.9541076923076923,0.9572574519230769,0.5175177884615385,0.691753537192931,-0.4539767539358585,-0.5466094131384759,0.8771678424456202,1.1457302911287894,0.706651028685921,-0.46498121127477837,-0.5387593011262947,0.8923427395649618,1.1716322399606993,0.6470219677620969,-0.43456302389164525,-0.5350236755942046,0.8513007054673721,1.0815849916537421,13.06319305419922,13.12165539932251,0.058462345123291015,2.5848989675133653,0.024018625080903497,0.009069068384066233,0.07813591611850519,0.004290618072200273
acorn_xreg_linf_e0.034,2,1330.5948603153229,linf,0.034,0.034,0.0068000000000000005,acorn_xreg,-0.004651964791735407,-0.0018392814242909501,-0.012166023254394531,13.032840092976889,0.005361639965830255,0.002119874135293074,0.014022032419840494,13.032840092976889,0.7673920392990112,0.9898305416107178,0.7816774845123291,0.9226025700569153,0.015139132738113403,0.2836638391017914,0.06631321919953524,0.00037724874411532985,0.005688892028905962,0.06638148457162255,351.04063522983694,5.873265573135811,0.09118407912622417,360,0.3444974410461934,0.3578734801974239,0.3578734801974239,0.25336643794390273,0.4699428193090165,0.9134666546286263,0.9134666546286264,0.9285825207656193,0.4691326592030817,0.9077874082099435,0.9077874082099434,0.9137056097267365,0.4677461779222343,0.36348125,0.36348125,0.26032307692307693,0.46824759615384615,0.9408312500000001,0.94083125,0.9592617788461538,0.4675492788461538,0.9386625,0.9386625,0.9548622596153846,0.4654425480769231,0.4552632864965522,-0.21186686111261147,-0.518349164216802,0.731224279835391,0.6671301476091637,0.45876511392834823,-0.1594333289608716,-0.5215698680802577,0.7631172839506173,0.6181984428892198,0.4073174432930295,-0.13910395399141454,-0.5105811001628099,0.7236552028218695,0.546421397284444,13.071247604370118,13.11481869506836,0.043571090698242186,2.5768444173424667,0.018334169257640247,0.006818630445031198,0.07745794084120347,-0.005587850514650178
noise_linf_e0.04,2,716.6704797744751,linf,0.04,0.04,0.008,noise,0.08831208725335098,0.03508019842887496,0.23275295893351236,13.012518962224325,0.09576109273481483,0.03803913164881714,0.2523849805196126,13.012518962224325,0.7857017517089844,0.9893933653831481,0.7874445915222168,0.9311144590377808,0.002522498369216919,-1.4882091760635376,0.6984192631547368,0.01433808619795462,0.020529339544831507,0.706661088024866,348.70633029750365,5.870002435610979,0.10285598580195432,360,0.0759716049965761,0.3324578668592753,0.3324578668592753,0.1938762489466715,0.5615974479354761,0.9463052245094499,0.9463052245094499,0.942278199109185,0.5731070181774407,0.9535220296135788,0.9535220296135789,0.9515480919706272,0.5838506681112315,0.3335555288461538,0.33355552884615386,0.18817475961538463,0.5622478365384616,0.9738641826923077,0.9738641826923077,0.9676882211538461,0.5776855769230769,0.9747072115384616,0.9747072115384615,0.9647199519230769,0.5894548076923077,0.7929647090898335,-0.770496428727588,-0.2743899772889194,0.9144988242210464,1.5634611378174215,0.7807892036203983,-0.7852689192560641,-0.2635346980557977,0.9108245149911817,1.5660581228764623,0.776287625676124,-0.7909749818028431,-0.24983654709269876,0.8962007642563198,1.567262607478967,13.045019710540771,13.014717311859131,-0.030302398681640624,2.6030723111718124,-0.011620126591675118,-0.004586123681733106,-0.013275811448310137,-0.010955710177133333
acorn_linf_e0.04,2,1315.3485453128815,linf,0.04,0.04,0.008,acorn,0.002309670725325084,0.0009155178026653944,0.006065845489501953,13.021816809972128,0.009456294049049838,0.003748319956559286,0.02483479181925456,13.021816809972128,0.7796580791473389,0.9918303847312927,0.7971248626708984,0.9251618981361389,0.01449352502822876,-0.5062036693096161,0.3043549079724706,0.0026952872031296995,0.008855737602803804,0.30519727594476503,328.4989944553405,5.836321510367907,0.1760954622913442,360,0.6221732230206787,0.48796331407246896,0.487963314072469,0.3959458890092693,0.511754243409173,0.8460424942819308,0.8460424942819309,0.91044360178163,0.5119318045022271,0.909590405681955,0.9095904056819549,0.9410752979414951,0.5111670879980739,0.4885044471153846,0.4885044471153846,0.3977947115384615,0.5129151442307692,0.8803192307692307,0.8803192307692308,0.9646848557692308,0.5138586538461538,0.9354668269230769,0.9354668269230769,0.9605814903846154,0.512328125,0.6925825044946333,-0.4427953404990264,-0.5135505160790849,0.8790784832451499,1.1353778449936598,0.7066327672281422,-0.43557743501107254,-0.5142946061826609,0.8883744855967078,1.1422102022392147,0.6638808941427018,-0.4248476711497259,-0.5074943993909418,0.8648956496178718,1.0887285652924277,13.070514152526856,13.147617065429687,0.07710291290283203,2.5775778691857285,0.031834384603299126,0.011977596249527938,0.09945392345081121,0.007640328431525028
acorn_xreg_linf_e0.04,2,1314.5387053489685,linf,0.04,0.04,0.008,acorn_xreg,-0.0005330190499963817,-0.00021064726108658522,-0.0013929208119710286,13.034886837005615,0.006071161438902933,0.002399265541791889,0.015865166982014973,13.034886837005615,0.7796890735626221,0.9898969531059265,0.799454391002655,0.9141646027565002,0.017567932605743408,0.3366691768169403,0.06770373448208282,0.0004069933840559837,0.006011387513102262,0.06777421441939521,348.693948601125,5.869683968970696,0.10262221295081375,360,0.3772957042765787,0.36741061755146265,0.36741061755146265,0.27574635849283735,0.4723829300589864,0.9039987360057783,0.9039987360057783,0.947035933550018,0.4721114722523173,0.9404330684964489,0.9404330684964488,0.9626375346093656,0.4699175394245817,0.3610127403846154,0.3610127403846154,0.24896201923076924,0.4717581730769231,0.9257670673076923,0.9257670673076923,0.9612139423076923,0.47127139423076925,0.9442026442307693,0.9442026442307693,0.9524639423076923,0.46861081730769233,0.4559849998842583,-0.20169445751896234,-0.5014964107233337,0.742908583186361,0.6576794574032206,0.4579760131894022,-0.15780471557136502,-0.4876956355115909,0.7674529688418578,0.6157807287607672,0.41001268013899284,-0.1455831706520369,-0.4959148347338071,0.7279174015285126,0.5555958507910297,13.078318183898926,13.140004810333252,0.061686626434326174,2.569773837813658,0.025953365873699966,0.00964802706787533,0.09890471283702575,-0.00412165531674094
noise_l2_e0.05,2,718.1638381481171,l2,0.05,0.15325746536254883,0.030651493072509767,noise,0.41569506710745235,0.16513452590250416,1.0956830978393555,13.0123082002004,0.21268460781597584,0.08448878874954391,0.5605910619099935,13.0123082002004,0.7612237334251404,0.9891032218933106,0.7633708715438843,0.9420140624046326,0.0034732818603515625,-1.2324984073638916,0.8604041705374608,0.0191215716979713,0.02222394120431425,0.8702768636462679,340.880154609791,5.8586006056588324,0.13411395973415163,360,0.24913311163027194,0.40880853497050684,0.4088085349705068,0.2576607078367642,0.5439581076200795,0.939496809919345,0.9394968099193451,0.9396427711568557,0.5658459732755508,0.9501525821596244,0.9501525821596244,0.9461345852895149,0.5782445527868063,0.3943127403846154,0.3943127403846154,0.22928629807692308,0.5452435096153846,0.9682925480769231,0.9682925480769231,0.968059375,0.5692538461538461,0.9748084134615383,0.9748084134615385,0.9646033653846153,0.5824507211538461,0.7745250091950298,-0.7888136996941849,-0.2370962224502761,0.8973030570252792,1.5633387088892148,0.7778372775510098,-0.8015478514494712,-0.23090533105965322,0.8969356261022927,1.579385129000481,0.777920097120091,-0.7973801238178277,-0.2276977445813625,0.9012713109935332,1.5753002209379188,13.041016345977782,13.01216240310669,-0.02885394287109375,2.607075675734801,-0.011018842174034923,-0.004359871898167823,-0.009032300683546343,-0.011480217780175337
acorn_l2_e0.05,2,1330.1685314178467,l2,0.05,0.15325746536254883,0.030651493072509767,acorn,0.01395997129807325,0.005544132540741963,0.03677948315938314,13.013452609380087,0.005424235723044034,0.0021542067913242393,0.014290889104207357,13.013452609380087,0.7852600812911987,0.990836226940155,0.7906839847564697,0.9545428395271301,0.004270106554031372,-1.241470956802368,0.46403583355081335,0.0030237596756437593,0.006516220207620342,0.46512851896037694,353.81328583948095,5.877450739957419,0.07549032615239537,360,0.8248787873433289,0.8175525159504032,0.8175525159504032,0.9054631635969664,0.5698416997712772,0.6803140423739015,0.6803140423739016,0.8218538581918864,0.544327675454436,0.967517154207295,0.967517154207295,0.9701543878656554,0.5334115805946792,0.8706364182692308,0.8706364182692308,0.9603235576923077,0.5741319711538462,0.7514887019230769,0.7514887019230769,0.8978634615384615,0.5485603365384616,0.9644367788461539,0.9644367788461539,0.9555855769230769,0.5375125,0.7975797138352404,-0.6911943764998186,-0.4499263111598083,0.8994341563786008,1.488774090335059,0.8061582265295256,-0.6862578672160535,-0.44741291728074034,0.9179159318048207,1.4924160937455793,0.6962327384213355,-0.6238101117035367,-0.37012091142678566,0.8598985890652557,1.3200428501248722,13.042903720855714,13.075781345367432,0.03287762451171875,2.605188300856871,0.013325396948222386,0.005076633258015575,0.0468816715792627,0.000452041941527505
acorn_xreg_l2_e0.05,2,1369.3526546955109,l2,0.05,0.15325746536254883,0.030651493072509767,acorn_xreg,0.025080436319697686,0.009939036524282633,0.06584127744038899,13.022887150446573,0.0028375763083907904,0.0011244867476917413,0.007449150085449219,13.022887150446573,0.7793038487434387,0.9880401730537415,0.7904688715934753,0.8783946633338928,0.009572595357894897,-0.025584262609481812,0.0643456354228457,0.00033212745443262406,0.005161615892827182,0.06439581719596947,355.82721626893925,5.880283763757793,0.0611159528304297,360,0.3112483504613665,0.41526152642349823,0.41526152642349823,0.37769140483929214,0.4876134585289515,0.9164785722884315,0.9164785722884314,0.9359434814012279,0.4854619597929457,0.8858128686649813,0.8858128686649813,0.9330925725291922,0.47952961357890933,0.41875036057692305,0.41875036057692305,0.3863973557692308,0.48512908653846154,0.9420923076923077,0.9420923076923077,0.9610567307692308,0.4872625,0.913171153846154,0.9131711538461539,0.9551694711538462,0.4788716346153846,0.5184322409895137,-0.3111474625575814,-0.4720296195701098,0.7811213991769548,0.8295797035470951,0.550424514592448,-0.2941100368572802,-0.5054527169705527,0.8142269253380364,0.8445345514497282,0.4200179013726958,-0.19644518862028257,-0.4533962453413993,0.7353762492651381,0.6164630899929784,13.050851306915284,13.087260166168212,0.036408859252929686,2.5972407147973007,0.014710874979792527,0.0056150495923304195,0.046932634030764246,0.0023384600358394036
noise_l2_e0.07,2,717.734133720398,l2,0.07,0.2145604515075684,0.04291209030151368,noise,0.2513455295593684,0.09985219640016779,0.662552277247111,13.01207153002421,0.12553944959005436,0.04987308118019427,0.330924113591512,13.01207153002421,0.762376070022583,0.9890982389450074,0.7645018100738525,0.9536416053771972,0.002640455961227417,-1.3333391666412353,0.806783252267139,0.01893383961579826,0.023468310184417362,0.8162346448915268,342.87105277961575,5.861272087952189,0.12754521822526266,360,0.16626153475297636,0.3633231009991573,0.3633231009991573,0.2001426507764536,0.5529782111472252,0.9580675935957625,0.9580675935957627,0.9637459371614301,0.578406163476586,0.9480967858432647,0.9480967858432647,0.940786685927531,0.5890173949680992,0.3648829326923077,0.3648829326923077,0.19385,0.5550641826923077,0.9754939903846154,0.9754939903846154,0.9669771634615385,0.584310576923077,0.9754997596153847,0.9754997596153846,0.9649048076923077,0.5938112980769231,0.7803450129502026,-0.7935807117853275,-0.2172287852015319,0.902851263962375,1.5739257247355303,0.772057397562224,-0.8029953934829743,-0.19201794252527668,0.894510582010582,1.5750527910451984,0.7792917640825416,-0.8191290056250434,-0.19871861151192008,0.9012713109935332,1.5984207697075852,13.041262020111084,13.011144870758057,-0.030117149353027343,2.6068300016015002,-0.011514331557643271,-0.004552747492348744,-0.010982778777918367,-0.01139740056846334
acorn_l2_e0.07,2,1344.7126514911652,l2,0.07,0.2145604515075684,0.04291209030151368,acorn,0.0044017570394231445,0.0017461442993801886,0.011575142542521158,13.018440008163452,0.0015858729423942357,0.0006291062965736513,0.004170338312784831,13.018440008163452,0.7776907682418823,0.9916299819946289,0.7879645824432373,0.9408254861831665,0.00796845555305481,-0.9533076763153077,0.4039615419375269,0.0029494966289305433,0.007301429276618332,0.4047967217639875,354.61093840373957,5.878534788362121,0.07037839090897258,360,0.7582242025083192,0.7701778620440591,0.7701778620440592,0.9223967738052246,0.5527919224750211,0.900353316480077,0.900353316480077,0.9355892620681353,0.5348296617310702,0.9391462019983147,0.9391462019983147,0.9473392921632359,0.5308649331888768,0.784038701923077,0.7840387019230769,0.9449036057692307,0.5556526442307692,0.93001875,0.93001875,0.9679620192307692,0.5368798076923077,0.9632891826923078,0.9632891826923077,0.9652329326923077,0.5299069711538461,0.8072431114437609,-0.6472035535253615,-0.48551274829795493,0.907664609053498,1.4544466649691223,0.7883864844636146,-0.6045154669403313,-0.475099859309614,0.9099059376837154,1.392901951403946,0.6441531184654202,-0.5112999843105785,-0.3835744617371018,0.8401308054085832,1.1554531027759989,13.056226837158203,13.1103370552063,0.0541102180480957,2.591865184554381,0.02200309167726146,0.008365714678956134,0.07248083776457284,0.002901155315908058
acorn_xreg_l2_e0.07,2,1336.0392036437988,l2,0.07,0.2145604515075684,0.04291209030151368,acorn_xreg,0.0024616096274074264,0.0009746788691647936,0.006453196207682292,13.02655259768168,0.000501979028415159,0.00019875550077210686,0.0013159116109212239,13.02655259768168,0.7784622311592102,0.9884805560112,0.7899507284164429,0.8925250172615051,0.008879810571670532,0.13284043073654175,0.07166198264386794,0.0003726272498108694,0.005199789847605546,0.0717187023936246,355.4781087274192,5.879769100354764,0.06396484490520205,360,0.23118025460069416,0.3341368725171542,0.3341368725171542,0.20484501023233417,0.4864547971590225,0.9157857830745153,0.9157857830745154,0.9335996749729144,0.48852774768267726,0.9335743950884796,0.9335743950884796,0.9402103647526183,0.48060882388347176,0.3415784855769231,0.34157848557692305,0.22527932692307692,0.48392139423076924,0.9424372596153846,0.9424372596153846,0.9601802884615385,0.4873920673076923,0.9486016826923076,0.9486016826923077,0.9563086538461538,0.4799514423076923,0.5222721011571764,-0.2851016449588941,-0.5060918044753221,0.7655055849500294,0.8073737461160705,0.5465780342955321,-0.2810039686520215,-0.5270727397587944,0.7953777189888301,0.8275820029475536,0.4243515253461318,-0.16291200806590586,-0.4797619323194366,0.7246105232216343,0.5872635334120376,13.059464611053468,13.112144760131835,0.05268014907836914,2.588627410659117,0.021428951306591195,0.008145544554052725,0.07080109857730787,0.0021612773115043506
noise_l2_e0.082,2,718.7151784896851,l2,0.082,0.2513422431945801,0.050268448638916025,noise,0.17804972256309606,0.07072330572190223,0.46922604242960614,13.01272169748942,0.1149459230764757,0.04565773900029526,0.3029239972432454,13.01272169748942,0.7621059417724609,0.9893648028373718,0.7639361619949341,0.9375065565109253,0.002658277750015259,-1.3631059408187867,0.7809739471084076,0.017418021618632925,0.022302948367386596,0.7901794122349948,344.51403225277903,5.863845692016505,0.1207115087931756,360,0.13357783131173845,0.38552094618996025,0.3855209461899603,0.24480588660166125,0.5564611171301312,0.9434621403635488,0.9434621403635488,0.9310713855784278,0.5745789695437583,0.9356431322980618,0.9356431322980618,0.9202654387865655,0.5854694835680752,0.3507879807692308,0.3507879807692308,0.19909014423076923,0.5589925480769231,0.9762783653846154,0.9762783653846154,0.9698473557692308,0.5790141826923076,0.9721120192307692,0.9721120192307692,0.961290625,0.5925252403846154,0.7762336129136799,-0.7857370298639134,-0.23962067608546364,0.9051293356848913,1.5619706427775932,0.7701978153123608,-0.800255917612533,-0.2062022083503731,0.89972810111699,1.5704537329248938,0.77508339827725,-0.8154659115168069,-0.19514913952525353,0.9041005291005291,1.5905493097940568,13.041188190460206,13.010822536468506,-0.03036565399169922,2.606903831252379,-0.011608260466008833,-0.00459016023822573,-0.011180513403091879,-0.0114560216648189
acorn_l2_e0.082,2,1334.6589431762695,l2,0.082,0.2513422431945801,0.050268448638916025,acorn,0.0017358205172897142,0.0006886212780443862,0.004565000534057617,13.018278121948242,0.002769044874968774,0.0010984995750606354,0.007282098134358724,13.018278121948242,0.7751065492630005,0.9916909813880921,0.7866781949996948,0.9260822534561157,0.00985485315322876,-0.7446987390518188,0.3721749771115849,0.002671756980016948,0.007178765753550127,0.3729405503607933,354.9268759316472,5.878966426901301,0.06829722588012221,360,0.6999740508649134,0.7088285482123511,0.7088285482123511,0.8296400625978091,0.5458799807391357,0.9184567232454556,0.9184567232454557,0.9198438064283134,0.5155429156133382,0.9297517154207294,0.9297517154207295,0.9337645961237511,0.5107349223546407,0.7177342548076923,0.7177342548076923,0.8574622596153846,0.5491913461538461,0.9546709134615384,0.9546709134615384,0.9639216346153846,0.5215608173076923,0.9588663461538462,0.9588663461538461,0.959775,0.5142461538461538,0.7576575950946123,-0.5513908286329369,-0.5078655442300223,0.9070032333921223,1.3090484237275493,0.7388354334009778,-0.5376340352420415,-0.496174095993539,0.9008303938859494,1.2764694686430191,0.5970460163015661,-0.439071546333948,-0.42571650501418473,0.8065476190476191,1.0361175626355141,13.059832721710205,13.13053205871582,0.07069933700561523,2.588259300002379,0.02892327156183559,0.010952375813304929,0.09288534708941604,0.005339041525158037
acorn_xreg_l2_e0.082,2,1349.619246006012,l2,0.082,0.2513422431945801,0.050268448638916025,acorn_xreg,-0.004225081000389695,-0.0016713627194114243,-0.011059045791625977,13.030613819758097,0.000319720017612059,0.00012647431391750813,0.0008368492126464844,13.030613819758097,0.7812745571136475,0.9891453862190247,0.8016853928565979,0.9311063170433045,0.019264250993728638,0.2950217485427856,0.07036560474081842,0.0004067555603520068,0.005780602069011307,0.07042216917590696,355.1236955802796,5.87924861031973,0.0667785956775302,360,0.19041568846201481,0.26837095220898033,0.2683709522089804,0.10599705068014927,0.46867581557722404,0.9307111472252317,0.9307111472252317,0.9659705669916937,0.48718851570964244,0.9265932346214035,0.9265932346214036,0.9432583965330444,0.46956271818947876,0.2991618990384616,0.2991618990384615,0.16364110576923077,0.4663314903846154,0.9473174278846154,0.9473174278846154,0.9609252403846154,0.48488533653846155,0.9443901442307693,0.9443901442307693,0.95724375,0.4669764423076923,0.4234394812717176,-0.18689650383104808,-0.5040468419252206,0.7150940623162846,0.6103359851027657,0.5159427670480996,-0.22805191398081773,-0.5203178008060761,0.782664609053498,0.7439946810289173,0.36462344102449346,-0.10936298376787887,-0.47325236563039313,0.6934891240446796,0.4739864247923723,13.066963077545166,13.129578983306885,0.06261590576171874,2.581128944167418,0.02574919878801773,0.009719653607370194,0.08982323787309729,-0.0003468572448720294
noise_l2_e0.1,2,719.6126878261566,l2,0.1,0.30651493072509767,0.061302986145019535,noise,0.13558539047584842,0.05385406641584666,0.3572956720987956,13.012884696324667,0.10264226099592212,0.04076910447750021,0.27048301696777344,13.012884696324667,0.7649869918823242,0.9892629265785218,0.767023503780365,0.9470132827758789,0.0031646788120269775,-1.3120155572891234,0.7468890246836994,0.01714118999144184,0.022950116315741786,0.7554597141638115,345.01762100286413,5.8645516389141665,0.11866928134204979,360,0.13938554551228324,0.35811544480558566,0.35811544480558566,0.2126236908631275,0.5506154448055857,0.9549229565426749,0.9549229565426749,0.9578749849524497,0.5748817262549657,0.9353647526182737,0.9353647526182738,0.9150003009510052,0.5823916576381365,0.3596841346153846,0.3596841346153846,0.20271634615384615,0.5554944711538462,0.9752564903846154,0.9752564903846154,0.9667108173076923,0.5797747596153846,0.9733865384615383,0.9733865384615384,0.961221875,0.5827177884615384,0.7834880413171912,-0.7814226961627789,-0.24370712736980996,0.9148295120517342,1.5649107374799702,0.7853944346278391,-0.8019995010249565,-0.2235158707500315,0.909428277483833,1.5873939356527957,0.7903942160047531,-0.7997860065792689,-0.2305184967991008,0.9073706643151087,1.590180222584022,13.043167976379394,13.012439876556396,-0.030728099822998046,2.6049240453331897,-0.011763701885269066,-0.004647530515394675,-0.012462687750024584,-0.011393514892332535
acorn_l2_e0.1,2,1328.4476482868195,l2,0.1,0.30651493072509767,0.061302986145019535,acorn,-0.0008087547628308213,-0.00032059000514725084,-0.002124150594075521,13.02149216334025,0.004363870811035589,0.0017298966075254055,0.011462132136027018,13.02149216334025,0.7840710282325745,0.9918542027473449,0.7967922687530518,0.9485181093215942,0.010916948318481445,-0.6111904382705688,0.3447063813420206,0.002558558360509453,0.007422428185252624,0.34538507920269773,354.22679770728445,5.877902658681394,0.07257973172592413,360,0.6767153639867761,0.6365346996508969,0.6365346996508968,0.753017033826893,0.5312642951727459,0.9171939328277358,0.9171939328277356,0.9149175394245816,0.5202233056458408,0.9384798964728542,0.9384798964728542,0.9477001324184423,0.504971108703503,0.6758568509615384,0.6758568509615385,0.8223831730769231,0.5325850961538462,0.9546757211538461,0.9546757211538461,0.9649850961538462,0.5206891826923077,0.9550530048076923,0.9550530048076923,0.9579048076923077,0.5057838942307692,0.7081165749735722,-0.48573677266028287,-0.4993886269698583,0.8576205173427396,1.193853347633855,0.701811999578186,-0.46831945719745777,-0.49627491981676813,0.866659318048207,1.1701314567756438,0.5480469242303824,-0.3510140253139813,-0.42306910804352915,0.7709068195179306,0.8990609495443637,13.071062671661377,13.168544063568115,0.09748139190673828,2.577029350051207,0.040248830735504504,0.015143986361350064,0.1265789347258381,0.0095379399818784
acorn_xreg_l2_e0.1,2,1340.8500516414642,l2,0.1,0.30651493072509767,0.061302986145019535,acorn_xreg,-0.006860601476584005,-0.002712777166620989,-0.017944892247517902,13.032446225484213,0.002469011170486594,0.0009762803593993504,0.0064580440521240234,13.032446225484213,0.783318281173706,0.9896263599395752,0.7982967495918274,0.9068359136581421,0.013782292604446411,0.3645768702030182,0.06830759496359858,0.00036881188756771613,0.005399280823227016,0.06837045403625813,354.9701716055689,5.8790401820083105,0.06814105570079954,360,0.2730311826418387,0.3485593475382208,0.34855934753822077,0.26324395088479596,0.4655889611171301,0.917192729023715,0.917192729023715,0.9336318767304683,0.4759383652341399,0.9064055916696763,0.9064055916696762,0.9043683038401348,0.46475743348982784,0.3489254807692308,0.34892548076923074,0.2673317307692308,0.46224951923076923,0.9445444711538461,0.9445444711538461,0.9618377403846153,0.4745036057692308,0.942767548076923,0.9427675480769231,0.9572338942307692,0.4621983173076923,0.41518916041018833,-0.17961918430440563,-0.4933680043827499,0.7117504409171076,0.594808344714594,0.45473318981370736,-0.17082564937486655,-0.5050267877581359,0.7628600823045267,0.6255588391885739,0.35651175291990417,-0.09293307304325907,-0.4814885402922347,0.6945179306290418,0.44944482596316326,13.07809978866577,13.162212715148925,0.0841129264831543,2.5699922330468126,0.035092497255211214,0.013119618924393565,0.12404942100180126,-0.00020753780743071608
